{
    "parent": "item/generated",
    "textures": {
        "layer0": "item/bow"
    },
    "display": {
        "thirdperson_righthand": {
            "rotation": [ -80, 260, -40 ],
            "translation": [ -1, -2, 2.5 ],
            "scale": [ 0.9, 0.9, 0.9 ]
        },
        "thirdperson_lefthand": {
            "rotation": [ -80, -280, 40 ],
            "translation": [ -1, -2, 2.5 ],
            "scale": [ 0.9, 0.9, 0.9 ]
        },
        "firstperson_righthand": {
            "rotation": [ 0, -90, 25 ],
            "translation": [ 1.13, 3.2, 1.13],
            "scale": [ 0.68, 0.68, 0.68 ]
        },
        "firstperson_lefthand": {
            "rotation": [ 0, 90, -25 ],
            "translation": [ 1.13, 3.2, 1.13],
            "scale": [ 0.68, 0.68, 0.68 ]
        }
    },
    "overrides": [
        {
            "predicate": {
                "pulling": 1
            },
            "model": "item/bow_pulling_0"
        },
        {
            "predicate": {
                "pulling": 1,
                "pull": 0.65
            },
            "model": "item/bow_pulling_1"
        },
        {
            "predicate": {
                "pulling": 1,
                "pull": 0.9
            },
            "model": "item/bow_pulling_2"
        },
 { "predicate": {"custom_model_data": 10001}, "model": "item/wooden_bow"},
 {"predicate": { "custom_model_data": 10001, "pulling": 1}, "model": "item/wooden_bow_pulling_0" },
 {"predicate": { "custom_model_data": 10001, "pulling": 1, "pull": 0.65}, "model": "item/wooden_bow_pulling_1" },
 {"predicate": { "custom_model_data": 10001, "pulling": 1, "pull": 0.9}, "model": "item/wooden_bow_pulling_2" },
 { "predicate": {"custom_model_data": 10002, "damage": 0 }, "model": "item/copper_bow"},
 {"predicate": { "custom_model_data": 10002, "damage": 0, "pulling": 1}, "model": "item/copper_bow_pulling_0" },
 {"predicate": { "custom_model_data": 10002, "damage": 0, "pulling": 1, "pull": 0.65}, "model": "item/copper_bow_pulling_1" },
 {"predicate": { "custom_model_data": 10002, "damage": 0, "pulling": 1, "pull": 0.9}, "model": "item/copper_bow_pulling_2" },
 { "predicate": {"custom_model_data": 10002, "damaged": 1, "damage": 0.25 }, "model": "item/copper_bow_1"},
 {"predicate": { "custom_model_data": 10002, "damaged": 1, "damage": 0.25, "pulling": 1}, "model": "item/copper_bow_1_pulling_0" },
 {"predicate": { "custom_model_data": 10002, "damaged": 1, "damage": 0.25, "pulling": 1, "pull": 0.65}, "model": "item/copper_bow_1_pulling_1" },
 {"predicate": { "custom_model_data": 10002, "damaged": 1, "damage": 0.25, "pulling": 1, "pull": 0.9}, "model": "item/copper_bow_1_pulling_2" },
 { "predicate": {"custom_model_data": 10002, "damaged": 1, "damage": 0.5 }, "model": "item/copper_bow_2"},
 {"predicate": { "custom_model_data": 10002, "damaged": 1, "damage": 0.5, "pulling": 1}, "model": "item/copper_bow_2_pulling_0" },
 {"predicate": { "custom_model_data": 10002, "damaged": 1, "damage": 0.5, "pulling": 1, "pull": 0.65}, "model": "item/copper_bow_2_pulling_1" },
 {"predicate": { "custom_model_data": 10002, "damaged": 1, "damage": 0.5, "pulling": 1, "pull": 0.9}, "model": "item/copper_bow_2_pulling_2" },
 { "predicate": {"custom_model_data": 10002, "damaged": 1, "damage": 0.75 }, "model": "item/copper_bow_3"},
 {"predicate": { "custom_model_data": 10002, "damaged": 1, "damage": 0.75, "pulling": 1}, "model": "item/copper_bow_3_pulling_0" },
 {"predicate": { "custom_model_data": 10002, "damaged": 1, "damage": 0.75, "pulling": 1, "pull": 0.65}, "model": "item/copper_bow_3_pulling_1" },
 {"predicate": { "custom_model_data": 10002, "damaged": 1, "damage": 0.75, "pulling": 1, "pull": 0.9}, "model": "item/copper_bow_3_pulling_2" },
 { "predicate": {"custom_model_data": 10003}, "model": "item/iron_bow"},
 {"predicate": { "custom_model_data": 10003, "pulling": 1}, "model": "item/iron_bow_pulling_0" },
 {"predicate": { "custom_model_data": 10003, "pulling": 1, "pull": 0.65}, "model": "item/iron_bow_pulling_1" },
 {"predicate": { "custom_model_data": 10003, "pulling": 1, "pull": 0.9}, "model": "item/iron_bow_pulling_2" },
 { "predicate": {"custom_model_data": 10003}, "model": "item/iron_bow"},
 {"predicate": { "custom_model_data": 10003, "pulling": 1}, "model": "item/iron_bow_pulling_0" },
 {"predicate": { "custom_model_data": 10003, "pulling": 1, "pull": 0.65}, "model": "item/iron_bow_pulling_1" },
 {"predicate": { "custom_model_data": 10003, "pulling": 1, "pull": 0.9}, "model": "item/iron_bow_pulling_2" },
 { "predicate": {"custom_model_data": 10004}, "model": "item/golden_bow"},
 {"predicate": { "custom_model_data": 10004, "pulling": 1}, "model": "item/golden_bow_pulling_0" },
 {"predicate": { "custom_model_data": 10004, "pulling": 1, "pull": 0.65}, "model": "item/golden_bow_pulling_1" },
 {"predicate": { "custom_model_data": 10004, "pulling": 1, "pull": 0.9}, "model": "item/golden_bow_pulling_2" },
 { "predicate": {"custom_model_data": 10005}, "model": "item/titanium_bow"},
 {"predicate": { "custom_model_data": 10005, "pulling": 1}, "model": "item/titanium_bow_pulling_0" },
 {"predicate": { "custom_model_data": 10005, "pulling": 1, "pull": 0.65}, "model": "item/titanium_bow_pulling_1" },
 {"predicate": { "custom_model_data": 10005, "pulling": 1, "pull": 0.9}, "model": "item/titanium_bow_pulling_2" },
 { "predicate": {"custom_model_data": 10006}, "model": "item/diamond_bow"},
 {"predicate": { "custom_model_data": 10006, "pulling": 1}, "model": "item/diamond_bow_pulling_0" },
 {"predicate": { "custom_model_data": 10006, "pulling": 1, "pull": 0.65}, "model": "item/diamond_bow_pulling_1" },
 {"predicate": { "custom_model_data": 10006, "pulling": 1, "pull": 0.9}, "model": "item/diamond_bow_pulling_2" },
 { "predicate": {"custom_model_data": 10007}, "model": "item/pink_diamond_bow"},
 {"predicate": { "custom_model_data": 10007, "pulling": 1}, "model": "item/pink_diamond_bow_pulling_0" },
 {"predicate": { "custom_model_data": 10007, "pulling": 1, "pull": 0.65}, "model": "item/pink_diamond_bow_pulling_1" },
 {"predicate": { "custom_model_data": 10007, "pulling": 1, "pull": 0.9}, "model": "item/pink_diamond_bow_pulling_2" },
 { "predicate": {"custom_model_data": 10008}, "model": "item/netherite_bow"},
 {"predicate": { "custom_model_data": 10008, "pulling": 1}, "model": "item/netherite_bow_pulling_0" },
 {"predicate": { "custom_model_data": 10008, "pulling": 1, "pull": 0.65}, "model": "item/netherite_bow_pulling_1" },
 {"predicate": { "custom_model_data": 10008, "pulling": 1, "pull": 0.9}, "model": "item/netherite_bow_pulling_2" },
 { "predicate": {"custom_model_data": 10009}, "model": "item/resonite_bow"},
 {"predicate": { "custom_model_data": 10009, "pulling": 1}, "model": "item/resonite_bow_pulling_0" },
 {"predicate": { "custom_model_data": 10009, "pulling": 1, "pull": 0.65}, "model": "item/resonite_bow_pulling_1" },
 {"predicate": { "custom_model_data": 10009, "pulling": 1, "pull": 0.9}, "model": "item/resonite_bow_pulling_2" },
 { "predicate": {"custom_model_data": 10010}, "model": "item/tortite_bow"},
 {"predicate": { "custom_model_data": 10010, "pulling": 1}, "model": "item/tortite_bow_pulling_0" },
 {"predicate": { "custom_model_data": 10010, "pulling": 1, "pull": 0.65}, "model": "item/tortite_bow_pulling_1" },
 {"predicate": { "custom_model_data": 10010, "pulling": 1, "pull": 0.9}, "model": "item/tortite_bow_pulling_2" },
 { "predicate": {"custom_model_data": 10011}, "model": "item/rose_gold_bow"},
 {"predicate": { "custom_model_data": 10011, "pulling": 1}, "model": "item/rose_gold_bow_pulling_0" },
 {"predicate": { "custom_model_data": 10011, "pulling": 1, "pull": 0.65}, "model": "item/rose_gold_bow_pulling_1" },
 {"predicate": { "custom_model_data": 10011, "pulling": 1, "pull": 0.9}, "model": "item/rose_gold_bow_pulling_2" },
 { "predicate": {"custom_model_data": 10012}, "model": "item/aurumite_bow"},
 {"predicate": { "custom_model_data": 10012, "pulling": 1}, "model": "item/aurumite_bow_pulling_0" },
 {"predicate": { "custom_model_data": 10012, "pulling": 1, "pull": 0.65}, "model": "item/aurumite_bow_pulling_1" },
 {"predicate": { "custom_model_data": 10012, "pulling": 1, "pull": 0.9}, "model": "item/aurumite_bow_pulling_2" },
 { "predicate": {"custom_model_data": 10013}, "model": "item/soul_tourmaline_bow"},
 {"predicate": { "custom_model_data": 10013, "pulling": 1}, "model": "item/soul_tourmaline_bow_pulling_0" },
 {"predicate": { "custom_model_data": 10013, "pulling": 1, "pull": 0.65}, "model": "item/soul_tourmaline_bow_pulling_1" },
 {"predicate": { "custom_model_data": 10013, "pulling": 1, "pull": 0.9}, "model": "item/soul_tourmaline_bow_pulling_2" },
 { "predicate": {"custom_model_data": 10014}, "model": "item/igneous_bow"},
 {"predicate": { "custom_model_data": 10014, "pulling": 1}, "model": "item/igneous_bow_pulling_0" },
 {"predicate": { "custom_model_data": 10014, "pulling": 1, "pull": 0.65}, "model": "item/igneous_bow_pulling_1" },
 {"predicate": { "custom_model_data": 10014, "pulling": 1, "pull": 0.9}, "model": "item/igneous_bow_pulling_2" },
 { "predicate": {"custom_model_data": 10015}, "model": "item/emerald_bow"},
 {"predicate": { "custom_model_data": 10015, "pulling": 1}, "model": "item/emerald_bow_pulling_0" },
 {"predicate": { "custom_model_data": 10015, "pulling": 1, "pull": 0.65}, "model": "item/emerald_bow_pulling_1" },
 {"predicate": { "custom_model_data": 10015, "pulling": 1, "pull": 0.9}, "model": "item/emerald_bow_pulling_2" },
 { "predicate": {"custom_model_data": 10016}, "model": "item/sapphire_bow"},
 {"predicate": { "custom_model_data": 10016, "pulling": 1}, "model": "item/sapphire_bow_pulling_0" },
 {"predicate": { "custom_model_data": 10016, "pulling": 1, "pull": 0.65}, "model": "item/sapphire_bow_pulling_1" },
 {"predicate": { "custom_model_data": 10016, "pulling": 1, "pull": 0.9}, "model": "item/sapphire_bow_pulling_2" },
 { "predicate": {"custom_model_data": 10017}, "model": "item/topaz_bow"},
 {"predicate": { "custom_model_data": 10017, "pulling": 1}, "model": "item/topaz_bow_pulling_0" },
 {"predicate": { "custom_model_data": 10017, "pulling": 1, "pull": 0.65}, "model": "item/topaz_bow_pulling_1" },
 {"predicate": { "custom_model_data": 10017, "pulling": 1, "pull": 0.9}, "model": "item/topaz_bow_pulling_2" },
 { "predicate": {"custom_model_data": 10018}, "model": "item/ruby_bow"},
 {"predicate": { "custom_model_data": 10018, "pulling": 1}, "model": "item/ruby_bow_pulling_0" },
 {"predicate": { "custom_model_data": 10018, "pulling": 1, "pull": 0.65}, "model": "item/ruby_bow_pulling_1" },
 {"predicate": { "custom_model_data": 10018, "pulling": 1, "pull": 0.9}, "model": "item/ruby_bow_pulling_2" },
 { "predicate": {"custom_model_data": 10019}, "model": "item/breeze_bow"},
 {"predicate": { "custom_model_data": 10019, "pulling": 1}, "model": "item/breeze_bow_pulling_0" },
 {"predicate": { "custom_model_data": 10019, "pulling": 1, "pull": 0.65}, "model": "item/breeze_bow_pulling_1" },
 {"predicate": { "custom_model_data": 10019, "pulling": 1, "pull": 0.9}, "model": "item/breeze_bow_pulling_2" },
 { "predicate": {"custom_model_data": 10020}, "model": "item/amethyst_bow"},
 {"predicate": { "custom_model_data": 10020, "pulling": 1}, "model": "item/amethyst_bow_pulling_0" },
 {"predicate": { "custom_model_data": 10020, "pulling": 1, "pull": 0.65}, "model": "item/amethyst_bow_pulling_1" },
 {"predicate": { "custom_model_data": 10020, "pulling": 1, "pull": 0.9}, "model": "item/amethyst_bow_pulling_2" },
 { "predicate": {"custom_model_data": 10021}, "model": "item/bygonite_bow"},
 {"predicate": { "custom_model_data": 10021, "pulling": 1}, "model": "item/bygonite_bow_pulling_0" },
 {"predicate": { "custom_model_data": 10021, "pulling": 1, "pull": 0.65}, "model": "item/bygonite_bow_pulling_1" },
 {"predicate": { "custom_model_data": 10021, "pulling": 1, "pull": 0.9}, "model": "item/bygonite_bow_pulling_2" },
 { "predicate": {"custom_model_data": 10022}, "model": "item/augurite_bow"},
 {"predicate": { "custom_model_data": 10022, "pulling": 1}, "model": "item/augurite_bow_pulling_0" },
 {"predicate": { "custom_model_data": 10022, "pulling": 1, "pull": 0.65}, "model": "item/augurite_bow_pulling_1" },
 {"predicate": { "custom_model_data": 10022, "pulling": 1, "pull": 0.9}, "model": "item/augurite_bow_pulling_2" },
 { "predicate": {"custom_model_data": 10023}, "model": "item/kinetite_bow"},
 {"predicate": { "custom_model_data": 10023, "pulling": 1}, "model": "item/kinetite_bow_pulling_0" },
 {"predicate": { "custom_model_data": 10023, "pulling": 1, "pull": 0.65}, "model": "item/kinetite_bow_pulling_1" },
 {"predicate": { "custom_model_data": 10023, "pulling": 1, "pull": 0.9}, "model": "item/kinetite_bow_pulling_2" }
    ]
}
