{
    "parent": "item/generated",
    "textures": {
        "layer0": "item/crossbow_standby"
    },
    "display": {
        "thirdperson_righthand": {
            "rotation": [ -90, 0, -60 ],
            "translation": [ 2, 0.1, -3 ],
            "scale": [ 0.9, 0.9, 0.9 ]
        },
        "thirdperson_lefthand": {
            "rotation": [ -90, 0, 30 ],
            "translation": [ 2, 0.1, -3 ],
            "scale": [ 0.9, 0.9, 0.9 ]
        },
        "firstperson_righthand": {
            "rotation": [ -90, 0, -55 ],
            "translation": [ 1.13, 3.2, 1.13],
            "scale": [ 0.68, 0.68, 0.68 ]
        },
        "firstperson_lefthand": {
            "rotation": [ -90, 0, 35 ],
            "translation": [ 1.13, 3.2, 1.13],
            "scale": [ 0.68, 0.68, 0.68 ]
        }
    },
    "overrides": [
      {"predicate": {"pulling": 1},"model": "item/crossbow_pulling_0"},
      {"predicate": {"pulling": 1,"pull": 0.58},"model": "item/crossbow_pulling_1"},
      {"predicate": {"pulling": 1,"pull": 1.0},"model": "item/crossbow_pulling_2"},
      {"predicate": {"charged": 1},"model": "item/crossbow_arrow"},
      {"predicate": {"charged": 1,"firework": 1},"model": "item/crossbow_firework"},
      {"predicate": {"custom_model_data":10001},"model": "item/wooden_crossbow"},
      {"predicate": {"custom_model_data":10001,"pulling": 1},"model": "item/wooden_crossbow_pulling_0"},
      {"predicate": {"custom_model_data":10001,"pulling": 1,"pull": 0.58},"model": "item/wooden_crossbow_pulling_1"},
      {"predicate": {"custom_model_data":10001,"pulling": 1,"pull": 1.0},"model": "item/wooden_crossbow_pulling_2"},
      {"predicate": {"custom_model_data":10001,"charged": 1},"model": "item/wooden_crossbow_arrow"},
      {"predicate": {"custom_model_data":10001,"charged": 1,"firework": 1},"model": "item/wooden_crossbow_firework"},
      {"predicate": {"custom_model_data":10002,"damage":0},"model": "item/copper_crossbow"},
      {"predicate": {"custom_model_data":10002,"damage":0,"pulling": 1},"model": "item/copper_crossbow_pulling_0"},
      {"predicate": {"custom_model_data":10002,"damage":0,"pulling": 1,"pull": 0.58},"model": "item/copper_crossbow_pulling_1"},
      {"predicate": {"custom_model_data":10002,"damage":0,"pulling": 1,"pull": 1.0},"model": "item/copper_crossbow_pulling_2"},
      {"predicate": {"custom_model_data":10002,"damage":0,"charged": 1},"model": "item/copper_crossbow_arrow"},
      {"predicate": {"custom_model_data":10002,"damage":0,"charged": 1,"firework": 1},"model": "item/copper_crossbow_firework"},
      {"predicate": {"custom_model_data":10002,"damaged":1,"damage":0.25},"model": "item/copper_crossbow_1"},
      {"predicate": {"custom_model_data":10002,"damaged":1,"damage":0.25,"pulling": 1},"model": "item/copper_crossbow_1_pulling_0"},
      {"predicate": {"custom_model_data":10002,"damaged":1,"damage":0.25,"pulling": 1,"pull": 0.58},"model": "item/copper_crossbow_1_pulling_1"},
      {"predicate": {"custom_model_data":10002,"damaged":1,"damage":0.25,"pulling": 1,"pull": 1.0},"model": "item/copper_crossbow_1_pulling_2"},
      {"predicate": {"custom_model_data":10002,"damaged":1,"damage":0.25,"charged": 1},"model": "item/copper_crossbow_1_arrow"},
      {"predicate": {"custom_model_data":10002,"damaged":1,"damage":0.25,"charged": 1,"firework": 1},"model": "item/copper_crossbow_1_firework"},
      {"predicate": {"custom_model_data":10002,"damaged":1,"damage":0.5},"model": "item/copper_crossbow_2"},
      {"predicate": {"custom_model_data":10002,"damaged":1,"damage":0.5,"pulling": 1},"model": "item/copper_crossbow_2_pulling_0"},
      {"predicate": {"custom_model_data":10002,"damaged":1,"damage":0.5,"pulling": 1,"pull": 0.58},"model": "item/copper_crossbow_2_pulling_1"},
      {"predicate": {"custom_model_data":10002,"damaged":1,"damage":0.5,"pulling": 1,"pull": 1.0},"model": "item/copper_crossbow_2_pulling_2"},
      {"predicate": {"custom_model_data":10002,"damaged":1,"damage":0.5,"charged": 1},"model": "item/copper_crossbow_2_arrow"},
      {"predicate": {"custom_model_data":10002,"damaged":1,"damage":0.5,"charged": 1,"firework": 1},"model": "item/copper_crossbow_2_firework"},
      {"predicate": {"custom_model_data":10002,"damaged":1,"damage":0.75},"model": "item/copper_crossbow_3"},
      {"predicate": {"custom_model_data":10002,"damaged":1,"damage":0.75,"pulling": 1},"model": "item/copper_crossbow_3_pulling_0"},
      {"predicate": {"custom_model_data":10002,"damaged":1,"damage":0.75,"pulling": 1,"pull": 0.58},"model": "item/copper_crossbow_3_pulling_1"},
      {"predicate": {"custom_model_data":10002,"damaged":1,"damage":0.75,"pulling": 1,"pull": 1.0},"model": "item/copper_crossbow_3_pulling_2"},
      {"predicate": {"custom_model_data":10002,"damaged":1,"damage":0.75,"charged": 1},"model": "item/copper_crossbow_3_arrow"},
      {"predicate": {"custom_model_data":10002,"damaged":1,"damage":0.75,"charged": 1,"firework": 1},"model": "item/copper_crossbow_3_firework"},
      {"predicate": {"custom_model_data":10003},"model": "item/iron_crossbow"},
      {"predicate": {"custom_model_data":10003,"pulling": 1},"model": "item/iron_crossbow_pulling_0"},
      {"predicate": {"custom_model_data":10003,"pulling": 1,"pull": 0.58},"model": "item/iron_crossbow_pulling_1"},
      {"predicate": {"custom_model_data":10003,"pulling": 1,"pull": 1.0},"model": "item/iron_crossbow_pulling_2"},
      {"predicate": {"custom_model_data":10003,"charged": 1},"model": "item/iron_crossbow_arrow"},
      {"predicate": {"custom_model_data":10003,"charged": 1,"firework": 1},"model": "item/iron_crossbow_firework"},
      {"predicate": {"custom_model_data":10004},"model": "item/golden_crossbow"},
      {"predicate": {"custom_model_data":10004,"pulling": 1},"model": "item/golden_crossbow_pulling_0"},
      {"predicate": {"custom_model_data":10004,"pulling": 1,"pull": 0.58},"model": "item/golden_crossbow_pulling_1"},
      {"predicate": {"custom_model_data":10004,"pulling": 1,"pull": 1.0},"model": "item/golden_crossbow_pulling_2"},
      {"predicate": {"custom_model_data":10004,"charged": 1},"model": "item/golden_crossbow_arrow"},
      {"predicate": {"custom_model_data":10004,"charged": 1,"firework": 1},"model": "item/golden_crossbow_firework"},
      {"predicate": {"custom_model_data":10005},"model": "item/titanium_crossbow"},
      {"predicate": {"custom_model_data":10005,"pulling": 1},"model": "item/titanium_crossbow_pulling_0"},
      {"predicate": {"custom_model_data":10005,"pulling": 1,"pull": 0.58},"model": "item/titanium_crossbow_pulling_1"},
      {"predicate": {"custom_model_data":10005,"pulling": 1,"pull": 1.0},"model": "item/titanium_crossbow_pulling_2"},
      {"predicate": {"custom_model_data":10005,"charged": 1},"model": "item/titanium_crossbow_arrow"},
      {"predicate": {"custom_model_data":10005,"charged": 1,"firework": 1},"model": "item/titanium_crossbow_firework"},
      {"predicate": {"custom_model_data":10006},"model": "item/diamond_crossbow"},
      {"predicate": {"custom_model_data":10006,"pulling": 1},"model": "item/diamond_crossbow_pulling_0"},
      {"predicate": {"custom_model_data":10006,"pulling": 1,"pull": 0.58},"model": "item/diamond_crossbow_pulling_1"},
      {"predicate": {"custom_model_data":10006,"pulling": 1,"pull": 1.0},"model": "item/diamond_crossbow_pulling_2"},
      {"predicate": {"custom_model_data":10006,"charged": 1},"model": "item/diamond_crossbow_arrow"},
      {"predicate": {"custom_model_data":10006,"charged": 1,"firework": 1},"model": "item/diamond_crossbow_firework"},
      {"predicate": {"custom_model_data":10007},"model": "item/pink_diamond_crossbow"},
      {"predicate": {"custom_model_data":10007,"pulling": 1},"model": "item/pink_diamond_crossbow_pulling_0"},
      {"predicate": {"custom_model_data":10007,"pulling": 1,"pull": 0.58},"model": "item/pink_diamond_crossbow_pulling_1"},
      {"predicate": {"custom_model_data":10007,"pulling": 1,"pull": 1.0},"model": "item/pink_diamond_crossbow_pulling_2"},
      {"predicate": {"custom_model_data":10007,"charged": 1},"model": "item/pink_diamond_crossbow_arrow"},
      {"predicate": {"custom_model_data":10007,"charged": 1,"firework": 1},"model": "item/pink_diamond_crossbow_firework"},
      {"predicate": {"custom_model_data":10008},"model": "item/netherite_crossbow"},
      {"predicate": {"custom_model_data":10008,"pulling": 1},"model": "item/netherite_crossbow_pulling_0"},
      {"predicate": {"custom_model_data":10008,"pulling": 1,"pull": 0.58},"model": "item/netherite_crossbow_pulling_1"},
      {"predicate": {"custom_model_data":10008,"pulling": 1,"pull": 1.0},"model": "item/netherite_crossbow_pulling_2"},
      {"predicate": {"custom_model_data":10008,"charged": 1},"model": "item/netherite_crossbow_arrow"},
      {"predicate": {"custom_model_data":10008,"charged": 1,"firework": 1},"model": "item/netherite_crossbow_firework"},
      {"predicate": {"custom_model_data":10009},"model": "item/resonite_crossbow"},
      {"predicate": {"custom_model_data":10009,"pulling": 1},"model": "item/resonite_crossbow_pulling_0"},
      {"predicate": {"custom_model_data":10009,"pulling": 1,"pull": 0.58},"model": "item/resonite_crossbow_pulling_1"},
      {"predicate": {"custom_model_data":10009,"pulling": 1,"pull": 1.0},"model": "item/resonite_crossbow_pulling_2"},
      {"predicate": {"custom_model_data":10009,"charged": 1},"model": "item/resonite_crossbow_arrow"},
      {"predicate": {"custom_model_data":10009,"charged": 1,"firework": 1},"model": "item/resonite_crossbow_firework"},
      {"predicate": {"custom_model_data":10010},"model": "item/tortite_crossbow"},
      {"predicate": {"custom_model_data":10010,"pulling": 1},"model": "item/tortite_crossbow_pulling_0"},
      {"predicate": {"custom_model_data":10010,"pulling": 1,"pull": 0.58},"model": "item/tortite_crossbow_pulling_1"},
      {"predicate": {"custom_model_data":10010,"pulling": 1,"pull": 1.0},"model": "item/tortite_crossbow_pulling_2"},
      {"predicate": {"custom_model_data":10010,"charged": 1},"model": "item/tortite_crossbow_arrow"},
      {"predicate": {"custom_model_data":10010,"charged": 1,"firework": 1},"model": "item/tortite_crossbow_firework"},
      {"predicate": {"custom_model_data":10011},"model": "item/rose_gold_crossbow"},
      {"predicate": {"custom_model_data":10011,"pulling": 1},"model": "item/rose_gold_crossbow_pulling_0"},
      {"predicate": {"custom_model_data":10011,"pulling": 1,"pull": 0.58},"model": "item/rose_gold_crossbow_pulling_1"},
      {"predicate": {"custom_model_data":10011,"pulling": 1,"pull": 1.0},"model": "item/rose_gold_crossbow_pulling_2"},
      {"predicate": {"custom_model_data":10011,"charged": 1},"model": "item/rose_gold_crossbow_arrow"},
      {"predicate": {"custom_model_data":10011,"charged": 1,"firework": 1},"model": "item/rose_gold_crossbow_firework"},
      {"predicate": {"custom_model_data":10012},"model": "item/aurumite_crossbow"},
      {"predicate": {"custom_model_data":10012,"pulling": 1},"model": "item/aurumite_crossbow_pulling_0"},
      {"predicate": {"custom_model_data":10012,"pulling": 1,"pull": 0.58},"model": "item/aurumite_crossbow_pulling_1"},
      {"predicate": {"custom_model_data":10012,"pulling": 1,"pull": 1.0},"model": "item/aurumite_crossbow_pulling_2"},
      {"predicate": {"custom_model_data":10012,"charged": 1},"model": "item/aurumite_crossbow_arrow"},
      {"predicate": {"custom_model_data":10012,"charged": 1,"firework": 1},"model": "item/aurumite_crossbow_firework"},
      {"predicate": {"custom_model_data":10013},"model": "item/soul_tourmaline_crossbow"},
      {"predicate": {"custom_model_data":10013,"pulling": 1},"model": "item/soul_tourmaline_crossbow_pulling_0"},
      {"predicate": {"custom_model_data":10013,"pulling": 1,"pull": 0.58},"model": "item/soul_tourmaline_crossbow_pulling_1"},
      {"predicate": {"custom_model_data":10013,"pulling": 1,"pull": 1.0},"model": "item/soul_tourmaline_crossbow_pulling_2"},
      {"predicate": {"custom_model_data":10013,"charged": 1},"model": "item/soul_tourmaline_crossbow_arrow"},
      {"predicate": {"custom_model_data":10013,"charged": 1,"firework": 1},"model": "item/soul_tourmaline_crossbow_firework"},
      {"predicate": {"custom_model_data":10014},"model": "item/igneous_crossbow"},
      {"predicate": {"custom_model_data":10014,"pulling": 1},"model": "item/igneous_crossbow_pulling_0"},
      {"predicate": {"custom_model_data":10014,"pulling": 1,"pull": 0.58},"model": "item/igneous_crossbow_pulling_1"},
      {"predicate": {"custom_model_data":10014,"pulling": 1,"pull": 1.0},"model": "item/igneous_crossbow_pulling_2"},
      {"predicate": {"custom_model_data":10014,"charged": 1},"model": "item/igneous_crossbow_arrow"},
      {"predicate": {"custom_model_data":10014,"charged": 1,"firework": 1},"model": "item/igneous_crossbow_firework"},
      {"predicate": {"custom_model_data":10015},"model": "item/emerald_crossbow"},
      {"predicate": {"custom_model_data":10015,"pulling": 1},"model": "item/emerald_crossbow_pulling_0"},
      {"predicate": {"custom_model_data":10015,"pulling": 1,"pull": 0.58},"model": "item/emerald_crossbow_pulling_1"},
      {"predicate": {"custom_model_data":10015,"pulling": 1,"pull": 1.0},"model": "item/emerald_crossbow_pulling_2"},
      {"predicate": {"custom_model_data":10015,"charged": 1},"model": "item/emerald_crossbow_arrow"},
      {"predicate": {"custom_model_data":10015,"charged": 1,"firework": 1},"model": "item/emerald_crossbow_firework"},
      {"predicate": {"custom_model_data":10016},"model": "item/sapphire_crossbow"},
      {"predicate": {"custom_model_data":10016,"pulling": 1},"model": "item/sapphire_crossbow_pulling_0"},
      {"predicate": {"custom_model_data":10016,"pulling": 1,"pull": 0.58},"model": "item/sapphire_crossbow_pulling_1"},
      {"predicate": {"custom_model_data":10016,"pulling": 1,"pull": 1.0},"model": "item/sapphire_crossbow_pulling_2"},
      {"predicate": {"custom_model_data":10016,"charged": 1},"model": "item/sapphire_crossbow_arrow"},
      {"predicate": {"custom_model_data":10016,"charged": 1,"firework": 1},"model": "item/sapphire_crossbow_firework"},
      {"predicate": {"custom_model_data":10017},"model": "item/topaz_crossbow"},
      {"predicate": {"custom_model_data":10017,"pulling": 1},"model": "item/topaz_crossbow_pulling_0"},
      {"predicate": {"custom_model_data":10017,"pulling": 1,"pull": 0.58},"model": "item/topaz_crossbow_pulling_1"},
      {"predicate": {"custom_model_data":10017,"pulling": 1,"pull": 1.0},"model": "item/topaz_crossbow_pulling_2"},
      {"predicate": {"custom_model_data":10017,"charged": 1},"model": "item/topaz_crossbow_arrow"},
      {"predicate": {"custom_model_data":10017,"charged": 1,"firework": 1},"model": "item/topaz_crossbow_firework"},
      {"predicate": {"custom_model_data":10018},"model": "item/ruby_crossbow"},
      {"predicate": {"custom_model_data":10018,"pulling": 1},"model": "item/ruby_crossbow_pulling_0"},
      {"predicate": {"custom_model_data":10018,"pulling": 1,"pull": 0.58},"model": "item/ruby_crossbow_pulling_1"},
      {"predicate": {"custom_model_data":10018,"pulling": 1,"pull": 1.0},"model": "item/ruby_crossbow_pulling_2"},
      {"predicate": {"custom_model_data":10018,"charged": 1},"model": "item/ruby_crossbow_arrow"},
      {"predicate": {"custom_model_data":10018,"charged": 1,"firework": 1},"model": "item/ruby_crossbow_firework"},
      {"predicate": {"custom_model_data":10019},"model": "item/breeze_crossbow"},
      {"predicate": {"custom_model_data":10019,"pulling": 1},"model": "item/breeze_crossbow_pulling_0"},
      {"predicate": {"custom_model_data":10019,"pulling": 1,"pull": 0.58},"model": "item/breeze_crossbow_pulling_1"},
      {"predicate": {"custom_model_data":10019,"pulling": 1,"pull": 1.0},"model": "item/breeze_crossbow_pulling_2"},
      {"predicate": {"custom_model_data":10019,"charged": 1},"model": "item/breeze_crossbow_arrow"},
      {"predicate": {"custom_model_data":10019,"charged": 1,"firework": 1},"model": "item/breeze_crossbow_firework"},
      {"predicate": {"custom_model_data":10020},"model": "item/amethyst_crossbow"},
      {"predicate": {"custom_model_data":10020,"pulling": 1},"model": "item/amethyst_crossbow_pulling_0"},
      {"predicate": {"custom_model_data":10020,"pulling": 1,"pull": 0.58},"model": "item/amethyst_crossbow_pulling_1"},
      {"predicate": {"custom_model_data":10020,"pulling": 1,"pull": 1.0},"model": "item/amethyst_crossbow_pulling_2"},
      {"predicate": {"custom_model_data":10020,"charged": 1},"model": "item/amethyst_crossbow_arrow"},
      {"predicate": {"custom_model_data":10020,"charged": 1,"firework": 1},"model": "item/amethyst_crossbow_firework"},
      {"predicate": {"custom_model_data":10021},"model": "item/bygonite_crossbow"},
      {"predicate": {"custom_model_data":10021,"pulling": 1},"model": "item/bygonite_crossbow_pulling_0"},
      {"predicate": {"custom_model_data":10021,"pulling": 1,"pull": 0.58},"model": "item/bygonite_crossbow_pulling_1"},
      {"predicate": {"custom_model_data":10021,"pulling": 1,"pull": 1.0},"model": "item/bygonite_crossbow_pulling_2"},
      {"predicate": {"custom_model_data":10021,"charged": 1},"model": "item/bygonite_crossbow_arrow"},
      {"predicate": {"custom_model_data":10021,"charged": 1,"firework": 1},"model": "item/bygonite_crossbow_firework"},
      {"predicate": {"custom_model_data":10022},"model": "item/augurite_crossbow"},
      {"predicate": {"custom_model_data":10022,"pulling": 1},"model": "item/augurite_crossbow_pulling_0"},
      {"predicate": {"custom_model_data":10022,"pulling": 1,"pull": 0.58},"model": "item/augurite_crossbow_pulling_1"},
      {"predicate": {"custom_model_data":10022,"pulling": 1,"pull": 1.0},"model": "item/augurite_crossbow_pulling_2"},
      {"predicate": {"custom_model_data":10022,"charged": 1},"model": "item/augurite_crossbow_arrow"},
      {"predicate": {"custom_model_data":10022,"charged": 1,"firework": 1},"model": "item/augurite_crossbow_firework"},
      {"predicate": {"custom_model_data":10023},"model": "item/kinetite_crossbow"},
      {"predicate": {"custom_model_data":10023,"pulling": 1},"model": "item/kinetite_crossbow_pulling_0"},
      {"predicate": {"custom_model_data":10023,"pulling": 1,"pull": 0.58},"model": "item/kinetite_crossbow_pulling_1"},
      {"predicate": {"custom_model_data":10023,"pulling": 1,"pull": 1.0},"model": "item/kinetite_crossbow_pulling_2"},
      {"predicate": {"custom_model_data":10023,"charged": 1},"model": "item/kinetite_crossbow_arrow"},
      {"predicate": {"custom_model_data":10023,"charged": 1,"firework": 1},"model": "item/kinetite_crossbow_firework"}
    ]
}
