{
    "parent": "item/generated",
    "textures": {
        "layer0": "item/elytra"
    },
 "overrides": [
  { "predicate": {"custom_model_data": 10001}, "model": "item/armored_elytra_iron"},
  { "predicate": {"custom_model_data": 10002}, "model": "item/armored_elytra_gold"},
  { "predicate": {"custom_model_data": 10003}, "model": "item/armored_elytra_diamond"},
  { "predicate": {"custom_model_data": 10004}, "model": "item/armored_elytra_netherite"},
  { "predicate": {"custom_model_data": 10005}, "model": "item/armored_elytra_emerald"},
  { "predicate": {"custom_model_data": 10006}, "model": "item/armored_elytra_rose_gold"},
  { "predicate": {"custom_model_data": 10007}, "model": "item/armored_elytra_titanium"},
  { "predicate": {"custom_model_data": 10008}, "model": "item/armored_elytra_tortite"},
  { "predicate": {"custom_model_data": 10009}, "model": "item/armored_elytra_aurumite"},
  { "predicate": {"custom_model_data": 10010}, "model": "item/armored_elytra_pink_diamond"},
  { "predicate": {"custom_model_data": 10011}, "model": "item/armored_elytra_igneous"},
  { "predicate": {"custom_model_data": 10012}, "model": "item/armored_elytra_ruby"},
  { "predicate": {"custom_model_data": 10013}, "model": "item/armored_elytra_sapphire"},
  { "predicate": {"custom_model_data": 10014}, "model": "item/armored_elytra_topaz"},
  { "predicate": {"custom_model_data": 10015, "damage": 0 }, "model": "item/armored_elytra_copper"},
  { "predicate": {"custom_model_data": 10015, "damaged": 1, "damage": 0.25 }, "model": "item/armored_elytra_copper_1"},
  { "predicate": {"custom_model_data": 10015, "damaged": 1, "damage": 0.5 }, "model": "item/armored_elytra_copper_2"},
  { "predicate": {"custom_model_data": 10015, "damaged": 1, "damage": 0.75 }, "model": "item/armored_elytra_copper_3"},
  { "predicate": {"custom_model_data": 10016}, "model": "item/armored_elytra_soul_tourmaline"},
  { "predicate": {"custom_model_data": 10017}, "model": "item/armored_elytra_resonite"},
  { "predicate": {"custom_model_data": 10018}, "model": "item/armored_elytra_breeze"},
  { "predicate": {"custom_model_data": 10019}, "model": "item/armored_elytra_amethyst"},
  { "predicate": {"custom_model_data": 10020}, "model": "item/armored_elytra_bygonite"},
  { "predicate": {"custom_model_data": 10021}, "model": "item/armored_elytra_augurite"},
  { "predicate": {"custom_model_data": 10022}, "model": "item/armored_elytra_kinetite"},
  { "predicate": {"broken": 1}, "model": "item/broken_elytra"}
 ]
}
