{
    "parent": "item/handheld_rod",
    "textures": {
        "layer0": "item/fishing_rod"
    },
    "overrides": [
      {"predicate": {"cast": 1},"model": "item/fishing_rod_cast"},
      { "predicate": {"custom_model_data": 10001}, "model": "item/iron_fishing_rod"},
      { "predicate": {"custom_model_data": 10001,"cast": 1}, "model": "item/iron_fishing_rod_cast"},
      { "predicate": {"custom_model_data": 10002}, "model": "item/golden_fishing_rod"},
      { "predicate": {"custom_model_data": 10002,"cast": 1}, "model": "item/golden_fishing_rod_cast"},
      { "predicate": {"custom_model_data": 10003,"damage": 0}, "model": "item/copper_fishing_rod"},
      { "predicate": {"custom_model_data": 10003,"cast": 1,"damage": 0}, "model": "item/copper_fishing_rod_cast"},
      { "predicate": {"custom_model_data": 10003,"damaged":1,"damage":0.25}, "model": "item/copper_fishing_rod_1"},
      { "predicate": {"custom_model_data": 10003,"cast": 1,"damaged": 1,"damage": 0.25}, "model": "item/copper_fishing_rod_cast_1"},
      { "predicate": {"custom_model_data": 10003,"damaged":1,"damage":0.5}, "model": "item/copper_fishing_rod_2"},
      { "predicate": {"custom_model_data": 10003,"cast": 1,"damaged": 1,"damage": 0.5}, "model": "item/copper_fishing_rod_cast_2"},
      { "predicate": {"custom_model_data": 10003,"damaged":1,"damage":0.75}, "model": "item/copper_fishing_rod_3"},
      { "predicate": {"custom_model_data": 10003,"cast": 1,"damaged": 1,"damage": 0.75}, "model": "item/copper_fishing_rod_cast_3"},
      { "predicate": {"custom_model_data": 10004}, "model": "item/titanium_fishing_rod"},
      { "predicate": {"custom_model_data": 10004,"cast": 1}, "model": "item/titanium_fishing_rod_cast"},
      { "predicate": {"custom_model_data": 10005}, "model": "item/rose_gold_fishing_rod"},
      { "predicate": {"custom_model_data": 10005,"cast": 1}, "model": "item/rose_gold_fishing_rod_cast"},
      { "predicate": {"custom_model_data": 10006}, "model": "item/tortite_fishing_rod"},
      { "predicate": {"custom_model_data": 10006,"cast": 1}, "model": "item/tortite_fishing_rod_cast"},
      { "predicate": {"custom_model_data": 10007}, "model": "item/netherite_fishing_rod"},
      { "predicate": {"custom_model_data": 10007,"cast": 1}, "model": "item/netherite_fishing_rod_cast"},
      { "predicate": {"custom_model_data": 10008}, "model": "item/resonite_fishing_rod"},
      { "predicate": {"custom_model_data": 10008,"cast": 1}, "model": "item/resonite_fishing_rod_cast"},
      { "predicate": {"custom_model_data": 10009}, "model": "item/aurumite_fishing_rod"},
      { "predicate": {"custom_model_data": 10009,"cast": 1}, "model": "item/aurumite_fishing_rod_cast"},
      { "predicate": {"custom_model_data": 10010}, "model": "item/breeze_fishing_rod"},
      { "predicate": {"custom_model_data": 10010,"cast": 1}, "model": "item/breeze_fishing_rod_cast"},
      { "predicate": {"custom_model_data": 10011}, "model": "item/igneous_fishing_rod"},
      { "predicate": {"custom_model_data": 10011,"cast": 1}, "model": "item/igneous_fishing_rod_cast"},
      { "predicate": {"custom_model_data": 10012}, "model": "item/soul_tourmaline_fishing_rod"},
      { "predicate": {"custom_model_data": 10012,"cast": 1}, "model": "item/soul_tourmaline_fishing_rod_cast"},
      { "predicate": {"custom_model_data": 10013}, "model": "item/diamond_fishing_rod"},
      { "predicate": {"custom_model_data": 10013,"cast": 1}, "model": "item/diamond_fishing_rod_cast"},
      { "predicate": {"custom_model_data": 10014}, "model": "item/pink_diamond_fishing_rod"},
      { "predicate": {"custom_model_data": 10014,"cast": 1}, "model": "item/pink_diamond_fishing_rod_cast"},
      { "predicate": {"custom_model_data": 10015}, "model": "item/sapphire_fishing_rod"},
      { "predicate": {"custom_model_data": 10015,"cast": 1}, "model": "item/sapphire_fishing_rod_cast"},
      { "predicate": {"custom_model_data": 10016}, "model": "item/topaz_fishing_rod"},
      { "predicate": {"custom_model_data": 10016,"cast": 1}, "model": "item/topaz_fishing_rod_cast"},
      { "predicate": {"custom_model_data": 10017}, "model": "item/ruby_fishing_rod"},
      { "predicate": {"custom_model_data": 10017,"cast": 1}, "model": "item/ruby_fishing_rod_cast"},
      { "predicate": {"custom_model_data": 10018}, "model": "item/emerald_fishing_rod"},
      { "predicate": {"custom_model_data": 10018,"cast": 1}, "model": "item/emerald_fishing_rod_cast"},
      { "predicate": {"custom_model_data": 10019}, "model": "item/amethyst_fishing_rod"},
      { "predicate": {"custom_model_data": 10019,"cast": 1}, "model": "item/amethyst_fishing_rod_cast"},
      { "predicate": {"custom_model_data": 10020}, "model": "item/bygonite_fishing_rod"},
      { "predicate": {"custom_model_data": 10020,"cast": 1}, "model": "item/bygonite_fishing_rod_cast"},
      { "predicate": {"custom_model_data": 10021}, "model": "item/augurite_fishing_rod"},
      { "predicate": {"custom_model_data": 10021,"cast": 1}, "model": "item/augurite_fishing_rod_cast"},
      { "predicate": {"custom_model_data": 10022}, "model": "item/kinetite_fishing_rod"},
      { "predicate": {"custom_model_data": 10022,"cast": 1}, "model": "item/kinetite_fishing_rod_cast"}
    ]
}
