{
	"textures": {
		"0": "item/diamond"
	},
	"elements": [
		{
			"from": [0, 0, 7.5],
			"to": [16, 1, 8.5],
			"rotation": {"angle": 0, "axis": "y", "origin": [16, 0, 0]},
			"faces": {
				"north": {"uv": [16, 15, 0, 16], "texture": "#0"},
				"east": {"uv": [16, 15, 15, 16], "texture": "#0"},
				"south": {"uv": [0, 15, 16, 16], "texture": "#0"},
				"west": {"uv": [1, 15, 0, 16], "texture": "#0"},
				"up": {"uv": [0, 15, 16, 16], "texture": "#0"},
				"down": {"uv": [0, 15, 16, 16], "texture": "#0"}
			}
		},
		{
			"from": [0, 0, 7.5],
			"to": [1, 16, 8.5],
			"rotation": {"angle": 0, "axis": "y", "origin": [16, 0, 0]},
			"faces": {
				"north": {"uv": [1, 0, 0, 16], "texture": "#0"},
				"east": {"uv": [1, 0, 0, 16], "texture": "#0"},
				"south": {"uv": [1, 0, 0, 16], "texture": "#0"},
				"west": {"uv": [1, 0, 0, 16], "texture": "#0"},
				"up": {"uv": [1, 0, 0, 1], "texture": "#0"},
				"down": {"uv": [1, 15, 0, 16], "texture": "#0"}
			}
		},
		{
			"from": [0, 6, 7.5],
			"to": [16, 7, 8.5],
			"rotation": {"angle": 0, "axis": "y", "origin": [16, 0, 0]},
			"faces": {
				"north": {"uv": [16, 9, 0, 10], "texture": "#0"},
				"east": {"uv": [16, 9, 15, 10], "texture": "#0"},
				"south": {"uv": [0, 9, 16, 10], "texture": "#0"},
				"west": {"uv": [1, 9, 0, 10], "texture": "#0"},
				"up": {"uv": [0, 9, 16, 10], "texture": "#0"},
				"down": {"uv": [0, 9, 16, 10], "texture": "#0"}
			}
		},
		{
			"from": [6, 0, 7.5],
			"to": [7, 16, 8.5],
			"rotation": {"angle": 0, "axis": "y", "origin": [16, 0, 0]},
			"faces": {
				"north": {"uv": [7, 0, 6, 16], "texture": "#0"},
				"east": {"uv": [7, 0, 6, 16], "texture": "#0"},
				"south": {"uv": [7, 0, 6, 16], "texture": "#0"},
				"west": {"uv": [7, 0, 6, 16], "texture": "#0"},
				"up": {"uv": [7, 0, 6, 1], "texture": "#0"},
				"down": {"uv": [7, 15, 6, 16], "texture": "#0"}
			}
		},
		{
			"from": [0, 1, 7.5],
			"to": [16, 2, 8.5],
			"rotation": {"angle": 0, "axis": "y", "origin": [16, 0, 0]},
			"faces": {
				"north": {"uv": [16, 14, 0, 15], "texture": "#0"},
				"east": {"uv": [16, 14, 15, 15], "texture": "#0"},
				"south": {"uv": [0, 14, 16, 15], "texture": "#0"},
				"west": {"uv": [1, 14, 0, 15], "texture": "#0"},
				"up": {"uv": [0, 14, 16, 15], "texture": "#0"},
				"down": {"uv": [0, 14, 16, 15], "texture": "#0"}
			}
		},
		{
			"from": [1, 0, 7.5],
			"to": [2, 16, 8.5],
			"rotation": {"angle": 0, "axis": "y", "origin": [16, 0, 0]},
			"faces": {
				"north": {"uv": [2, 0, 1, 16], "texture": "#0"},
				"east": {"uv": [2, 0, 1, 16], "texture": "#0"},
				"south": {"uv": [2, 0, 1, 16], "texture": "#0"},
				"west": {"uv": [2, 0, 1, 16], "texture": "#0"},
				"up": {"uv": [2, 0, 1, 1], "texture": "#0"},
				"down": {"uv": [2, 15, 1, 16], "texture": "#0"}
			}
		},
		{
			"from": [0, 7, 7.5],
			"to": [16, 8, 8.5],
			"rotation": {"angle": 0, "axis": "y", "origin": [16, 0, 0]},
			"faces": {
				"north": {"uv": [16, 8, 0, 9], "texture": "#0"},
				"east": {"uv": [16, 8, 15, 9], "texture": "#0"},
				"south": {"uv": [0, 8, 16, 9], "texture": "#0"},
				"west": {"uv": [1, 8, 0, 9], "texture": "#0"},
				"up": {"uv": [0, 8, 16, 9], "texture": "#0"},
				"down": {"uv": [0, 8, 16, 9], "texture": "#0"}
			}
		},
		{
			"from": [7, 0, 7.5],
			"to": [8, 16, 8.5],
			"rotation": {"angle": 0, "axis": "y", "origin": [16, 0, 0]},
			"faces": {
				"north": {"uv": [8, 0, 7, 16], "texture": "#0"},
				"east": {"uv": [8, 0, 7, 16], "texture": "#0"},
				"south": {"uv": [8, 0, 7, 16], "texture": "#0"},
				"west": {"uv": [8, 0, 7, 16], "texture": "#0"},
				"up": {"uv": [8, 0, 7, 1], "texture": "#0"},
				"down": {"uv": [8, 15, 7, 16], "texture": "#0"}
			}
		},
		{
			"from": [0, 2, 7.5],
			"to": [16, 3, 8.5],
			"rotation": {"angle": 0, "axis": "y", "origin": [16, 0, 0]},
			"faces": {
				"north": {"uv": [16, 13, 0, 14], "texture": "#0"},
				"east": {"uv": [16, 13, 15, 14], "texture": "#0"},
				"south": {"uv": [0, 13, 16, 14], "texture": "#0"},
				"west": {"uv": [1, 13, 0, 14], "texture": "#0"},
				"up": {"uv": [0, 13, 16, 14], "texture": "#0"},
				"down": {"uv": [0, 13, 16, 14], "texture": "#0"}
			}
		},
		{
			"from": [2, 0, 7.5],
			"to": [3, 16, 8.5],
			"rotation": {"angle": 0, "axis": "y", "origin": [16, 0, 0]},
			"faces": {
				"north": {"uv": [3, 0, 2, 16], "texture": "#0"},
				"east": {"uv": [3, 0, 2, 16], "texture": "#0"},
				"south": {"uv": [3, 0, 2, 16], "texture": "#0"},
				"west": {"uv": [3, 0, 2, 16], "texture": "#0"},
				"up": {"uv": [3, 0, 2, 1], "texture": "#0"},
				"down": {"uv": [3, 15, 2, 16], "texture": "#0"}
			}
		},
		{
			"from": [0, 8, 7.5],
			"to": [16, 9, 8.5],
			"rotation": {"angle": 0, "axis": "y", "origin": [16, 0, 0]},
			"faces": {
				"north": {"uv": [16, 7, 0, 8], "texture": "#0"},
				"east": {"uv": [16, 7, 15, 8], "texture": "#0"},
				"south": {"uv": [0, 7, 16, 8], "texture": "#0"},
				"west": {"uv": [1, 7, 0, 8], "texture": "#0"},
				"up": {"uv": [0, 7, 16, 8], "texture": "#0"},
				"down": {"uv": [0, 7, 16, 8], "texture": "#0"}
			}
		},
		{
			"from": [8, 0, 7.5],
			"to": [9, 16, 8.5],
			"rotation": {"angle": 0, "axis": "y", "origin": [16, 0, 0]},
			"faces": {
				"north": {"uv": [9, 0, 8, 16], "texture": "#0"},
				"east": {"uv": [9, 0, 8, 16], "texture": "#0"},
				"south": {"uv": [9, 0, 8, 16], "texture": "#0"},
				"west": {"uv": [9, 0, 8, 16], "texture": "#0"},
				"up": {"uv": [9, 0, 8, 1], "texture": "#0"},
				"down": {"uv": [9, 15, 8, 16], "texture": "#0"}
			}
		},
		{
			"from": [0, 3, 7.5],
			"to": [16, 4, 8.5],
			"rotation": {"angle": 0, "axis": "y", "origin": [16, 0, 0]},
			"faces": {
				"north": {"uv": [16, 12, 0, 13], "texture": "#0"},
				"east": {"uv": [16, 12, 15, 13], "texture": "#0"},
				"south": {"uv": [0, 12, 16, 13], "texture": "#0"},
				"west": {"uv": [1, 12, 0, 13], "texture": "#0"},
				"up": {"uv": [0, 12, 16, 13], "texture": "#0"},
				"down": {"uv": [0, 12, 16, 13], "texture": "#0"}
			}
		},
		{
			"from": [3, 0, 7.5],
			"to": [4, 16, 8.5],
			"rotation": {"angle": 0, "axis": "y", "origin": [16, 0, 0]},
			"faces": {
				"north": {"uv": [4, 0, 3, 16], "texture": "#0"},
				"east": {"uv": [4, 0, 3, 16], "texture": "#0"},
				"south": {"uv": [4, 0, 3, 16], "texture": "#0"},
				"west": {"uv": [4, 0, 3, 16], "texture": "#0"},
				"up": {"uv": [4, 0, 3, 1], "texture": "#0"},
				"down": {"uv": [4, 15, 3, 16], "texture": "#0"}
			}
		},
		{
			"from": [0, 9, 7.5],
			"to": [16, 10, 8.5],
			"rotation": {"angle": 0, "axis": "y", "origin": [16, 0, 0]},
			"faces": {
				"north": {"uv": [16, 6, 0, 7], "texture": "#0"},
				"east": {"uv": [16, 6, 15, 7], "texture": "#0"},
				"south": {"uv": [0, 6, 16, 7], "texture": "#0"},
				"west": {"uv": [1, 6, 0, 7], "texture": "#0"},
				"up": {"uv": [0, 6, 16, 7], "texture": "#0"},
				"down": {"uv": [0, 6, 16, 7], "texture": "#0"}
			}
		},
		{
			"from": [9, 0, 7.5],
			"to": [10, 16, 8.5],
			"rotation": {"angle": 0, "axis": "y", "origin": [16, 0, 0]},
			"faces": {
				"north": {"uv": [10, 0, 9, 16], "texture": "#0"},
				"east": {"uv": [10, 0, 9, 16], "texture": "#0"},
				"south": {"uv": [10, 0, 9, 16], "texture": "#0"},
				"west": {"uv": [10, 0, 9, 16], "texture": "#0"},
				"up": {"uv": [10, 0, 9, 1], "texture": "#0"},
				"down": {"uv": [10, 15, 9, 16], "texture": "#0"}
			}
		},
		{
			"from": [0, 4, 7.5],
			"to": [16, 5, 8.5],
			"rotation": {"angle": 0, "axis": "y", "origin": [16, 0, 0]},
			"faces": {
				"north": {"uv": [16, 11, 0, 12], "texture": "#0"},
				"east": {"uv": [16, 11, 15, 12], "texture": "#0"},
				"south": {"uv": [0, 11, 16, 12], "texture": "#0"},
				"west": {"uv": [1, 11, 0, 12], "texture": "#0"},
				"up": {"uv": [0, 11, 16, 12], "texture": "#0"},
				"down": {"uv": [0, 11, 16, 12], "texture": "#0"}
			}
		},
		{
			"from": [4, 0, 7.5],
			"to": [5, 16, 8.5],
			"rotation": {"angle": 0, "axis": "y", "origin": [16, 0, 0]},
			"faces": {
				"north": {"uv": [5, 0, 4, 16], "texture": "#0"},
				"east": {"uv": [5, 0, 4, 16], "texture": "#0"},
				"south": {"uv": [5, 0, 4, 16], "texture": "#0"},
				"west": {"uv": [5, 0, 4, 16], "texture": "#0"},
				"up": {"uv": [5, 0, 4, 1], "texture": "#0"},
				"down": {"uv": [5, 15, 4, 16], "texture": "#0"}
			}
		},
		{
			"from": [0, 10, 7.5],
			"to": [16, 11, 8.5],
			"rotation": {"angle": 0, "axis": "y", "origin": [16, 0, 0]},
			"faces": {
				"north": {"uv": [16, 5, 0, 6], "texture": "#0"},
				"east": {"uv": [16, 5, 15, 6], "texture": "#0"},
				"south": {"uv": [0, 5, 16, 6], "texture": "#0"},
				"west": {"uv": [1, 5, 0, 6], "texture": "#0"},
				"up": {"uv": [0, 5, 16, 6], "texture": "#0"},
				"down": {"uv": [0, 5, 16, 6], "texture": "#0"}
			}
		},
		{
			"from": [10, 0, 7.5],
			"to": [11, 16, 8.5],
			"rotation": {"angle": 0, "axis": "y", "origin": [16, 0, 0]},
			"faces": {
				"north": {"uv": [11, 0, 10, 16], "texture": "#0"},
				"east": {"uv": [11, 0, 10, 16], "texture": "#0"},
				"south": {"uv": [11, 0, 10, 16], "texture": "#0"},
				"west": {"uv": [11, 0, 10, 16], "texture": "#0"},
				"up": {"uv": [11, 0, 10, 1], "texture": "#0"},
				"down": {"uv": [11, 15, 10, 16], "texture": "#0"}
			}
		},
		{
			"from": [0, 5, 7.5],
			"to": [16, 6, 8.5],
			"rotation": {"angle": 0, "axis": "y", "origin": [16, 0, 0]},
			"faces": {
				"north": {"uv": [16, 10, 0, 11], "texture": "#0"},
				"east": {"uv": [16, 10, 15, 11], "texture": "#0"},
				"south": {"uv": [0, 10, 16, 11], "texture": "#0"},
				"west": {"uv": [1, 10, 0, 11], "texture": "#0"},
				"up": {"uv": [0, 10, 16, 11], "texture": "#0"},
				"down": {"uv": [0, 10, 16, 11], "texture": "#0"}
			}
		},
		{
			"from": [5, 0, 7.5],
			"to": [6, 16, 8.5],
			"rotation": {"angle": 0, "axis": "y", "origin": [16, 0, 0]},
			"faces": {
				"north": {"uv": [6, 0, 5, 16], "texture": "#0"},
				"east": {"uv": [6, 0, 5, 16], "texture": "#0"},
				"south": {"uv": [6, 0, 5, 16], "texture": "#0"},
				"west": {"uv": [6, 0, 5, 16], "texture": "#0"},
				"up": {"uv": [6, 0, 5, 1], "texture": "#0"},
				"down": {"uv": [6, 15, 5, 16], "texture": "#0"}
			}
		},
		{
			"from": [0, 11, 7.5],
			"to": [16, 12, 8.5],
			"rotation": {"angle": 0, "axis": "y", "origin": [16, 0, 0]},
			"faces": {
				"north": {"uv": [16, 4, 0, 5], "texture": "#0"},
				"east": {"uv": [16, 4, 15, 5], "texture": "#0"},
				"south": {"uv": [0, 4, 16, 5], "texture": "#0"},
				"west": {"uv": [1, 4, 0, 5], "texture": "#0"},
				"up": {"uv": [0, 4, 16, 5], "texture": "#0"},
				"down": {"uv": [0, 4, 16, 5], "texture": "#0"}
			}
		},
		{
			"from": [11, 0, 7.5],
			"to": [12, 16, 8.5],
			"rotation": {"angle": 0, "axis": "y", "origin": [16, 0, 0]},
			"faces": {
				"north": {"uv": [12, 0, 11, 16], "texture": "#0"},
				"east": {"uv": [12, 0, 11, 16], "texture": "#0"},
				"south": {"uv": [12, 0, 11, 16], "texture": "#0"},
				"west": {"uv": [12, 0, 11, 16], "texture": "#0"},
				"up": {"uv": [11, 0, 10, 1], "texture": "#0"},
				"down": {"uv": [12, 15, 11, 16], "texture": "#0"}
			}
		},
		{
			"from": [0, 12, 7.5],
			"to": [16, 13, 8.5],
			"rotation": {"angle": 0, "axis": "y", "origin": [16, 0, 0]},
			"faces": {
				"north": {"uv": [16, 3, 0, 4], "texture": "#0"},
				"east": {"uv": [16, 3, 15, 4], "texture": "#0"},
				"south": {"uv": [0, 3, 16, 4], "texture": "#0"},
				"west": {"uv": [1, 3, 0, 4], "texture": "#0"},
				"up": {"uv": [0, 3, 16, 4], "texture": "#0"},
				"down": {"uv": [0, 3, 16, 4], "texture": "#0"}
			}
		},
		{
			"from": [12, 0, 7.5],
			"to": [13, 16, 8.5],
			"rotation": {"angle": 0, "axis": "y", "origin": [16, 0, 0]},
			"faces": {
				"north": {"uv": [13, 0, 12, 16], "texture": "#0"},
				"east": {"uv": [13, 0, 12, 16], "texture": "#0"},
				"south": {"uv": [13, 0, 12, 16], "texture": "#0"},
				"west": {"uv": [13, 0, 12, 16], "texture": "#0"},
				"up": {"uv": [13, 0, 12, 1], "texture": "#0"},
				"down": {"uv": [13, 15, 12, 16], "texture": "#0"}
			}
		},
		{
			"from": [0, 13, 7.5],
			"to": [16, 14, 8.5],
			"rotation": {"angle": 0, "axis": "y", "origin": [16, 0, 0]},
			"faces": {
				"north": {"uv": [16, 2, 0, 3], "texture": "#0"},
				"east": {"uv": [16, 2, 15, 3], "texture": "#0"},
				"south": {"uv": [0, 2, 16, 3], "texture": "#0"},
				"west": {"uv": [1, 2, 0, 3], "texture": "#0"},
				"up": {"uv": [0, 2, 16, 3], "texture": "#0"},
				"down": {"uv": [0, 2, 16, 3], "texture": "#0"}
			}
		},
		{
			"from": [13, 0, 7.5],
			"to": [14, 16, 8.5],
			"rotation": {"angle": 0, "axis": "y", "origin": [16, 0, 0]},
			"faces": {
				"north": {"uv": [14, 0, 13, 16], "texture": "#0"},
				"east": {"uv": [14, 0, 13, 16], "texture": "#0"},
				"south": {"uv": [14, 0, 13, 16], "texture": "#0"},
				"west": {"uv": [14, 0, 13, 16], "texture": "#0"},
				"up": {"uv": [14, 0, 13, 1], "texture": "#0"},
				"down": {"uv": [14, 15, 13, 16], "texture": "#0"}
			}
		},
		{
			"from": [0, 14, 7.5],
			"to": [16, 15, 8.5],
			"rotation": {"angle": 0, "axis": "y", "origin": [16, 0, 0]},
			"faces": {
				"north": {"uv": [16, 1, 0, 2], "texture": "#0"},
				"east": {"uv": [16, 1, 15, 2], "texture": "#0"},
				"south": {"uv": [0, 1, 16, 2], "texture": "#0"},
				"west": {"uv": [1, 1, 0, 2], "texture": "#0"},
				"up": {"uv": [0, 1, 16, 2], "texture": "#0"},
				"down": {"uv": [0, 1, 16, 2], "texture": "#0"}
			}
		},
		{
			"from": [14, 0, 7.5],
			"to": [15, 16, 8.5],
			"rotation": {"angle": 0, "axis": "y", "origin": [16, 0, 0]},
			"faces": {
				"north": {"uv": [15, 0, 14, 16], "texture": "#0"},
				"east": {"uv": [15, 0, 14, 16], "texture": "#0"},
				"south": {"uv": [15, 0, 14, 16], "texture": "#0"},
				"west": {"uv": [15, 0, 14, 16], "texture": "#0"},
				"up": {"uv": [15, 0, 14, 1], "texture": "#0"},
				"down": {"uv": [15, 15, 14, 16], "texture": "#0"}
			}
		},
		{
			"from": [0, 15, 7.5],
			"to": [16, 16, 8.5],
			"rotation": {"angle": 0, "axis": "y", "origin": [16, 0, 0]},
			"faces": {
				"north": {"uv": [16, 0, 0, 1], "texture": "#0"},
				"east": {"uv": [16, 0, 15, 1], "texture": "#0"},
				"south": {"uv": [0, 0, 16, 1], "texture": "#0"},
				"west": {"uv": [1, 0, 0, 1], "texture": "#0"},
				"up": {"uv": [0, 0, 16, 1], "texture": "#0"},
				"down": {"uv": [0, 0, 16, 1], "texture": "#0"}
			}
		},
		{
			"from": [15, 0, 7.5],
			"to": [16, 16, 8.5],
			"rotation": {"angle": 0, "axis": "y", "origin": [16, 0, 0]},
			"faces": {
				"north": {"uv": [16, 0, 15, 16], "texture": "#0"},
				"east": {"uv": [16, 0, 15, 16], "texture": "#0"},
				"south": {"uv": [16, 0, 15, 16], "texture": "#0"},
				"west": {"uv": [16, 0, 15, 16], "texture": "#0"},
				"up": {"uv": [16, 0, 15, 1], "texture": "#0"},
				"down": {"uv": [16, 15, 15, 16], "texture": "#0"}
			}
		}
	],
	"gui_light": "front",
	"display": {
		"thirdperson_righthand": {
			"translation": [0, 3, 1],
			"scale": [0.55, 0.55, 0.55]
		},
		"firstperson_righthand": {
			"rotation": [0, -90, 25],
			"translation": [1.13, 3.2, 1.13],
			"scale": [0.68, 0.68, 0.68]
		},
		"ground": {
			"translation": [0, 2, 0],
			"scale": [0.5, 0.5, 0.5]
		},
		"head": {
			"rotation": [0, 180, 0],
			"translation": [0, 13, 7]
		},
		"fixed": {
			"rotation": [0, 180, 0]
		}
	}
}