{
  "parent": "minecraft:item/generated",
  "textures": {
    "layer0": "minecraft:item/glistering_melon_slice"
  },
  "overrides": [
  { "predicate": {"custom_model_data": 10001}, "model": "item/gilded_melon"},
  { "predicate": {"custom_model_data": 10002}, "model": "item/gilded_sweet_berries"},
  { "predicate": {"custom_model_data": 10003}, "model": "item/gilded_glow_berries"},
  { "predicate": {"custom_model_data": 10004}, "model": "item/gilded_chorus_fruit"},
  { "predicate": {"custom_model_data": 10005}, "model": "item/gilded_root"},
  { "predicate": {"custom_model_data": 10006}, "model": "item/gilded_carrot"}
  ]
}