{
	"parent": "generated",
    "gui_light": "front",
	"texture_size": [64, 64],
	"textures": {
		"0": "item/golden_shield"
	},
	"elements": [
		{
			"from": [2, 0, 10],
			"to": [14, 22, 11],
			"rotation": {"angle": 0, "axis": "y", "origin": [-1, 15.5, 13]},
			"faces": {
				"north": {"uv": [6.5, 0.25, 3.5, 5.75], "texture": "#0"},
				"east": {"uv": [0.25, 0.25, 0, 5.75], "texture": "#0"},
				"south": {"uv": [3.25, 0.25, 0.25, 5.75], "texture": "#0"},
				"west": {"uv": [3.5, 0.25, 3.25, 5.75], "texture": "#0"},
				"up": {"uv": [3.25, 0, 0.25, 0.25], "texture": "#0"},
				"down": {"uv": [6.25, 0.25, 3.25, 0], "texture": "#0"}
			}
		},
		{
			"from": [7, 8, 4],
			"to": [9, 14, 10],
			"rotation": {"angle": 0, "axis": "y", "origin": [0, 0, 16]},
			"faces": {
				"north": {"uv": [10.5, 1.5, 10, 3], "texture": "#0"},
				"east": {"uv": [8, 1.5, 6.5, 3], "texture": "#0"},
				"south": {"uv": [8.5, 1.5, 8, 3], "texture": "#0"},
				"west": {"uv": [10, 1.5, 8.5, 3], "texture": "#0"},
				"up": {"uv": [8.5, 0, 8, 1.5], "texture": "#0"},
				"down": {"uv": [9, 1.5, 8.5, 0], "texture": "#0"}
			}
		}
	],
	"display": {
		"thirdperson_righthand": {
			"rotation": [45, 135, 0],
			"translation": [1.75, -3, -1.5]
		},
		"firstperson_righthand": {
			"rotation": [0, -180, -5],
			"translation": [-1.5, -12, 1],
			"scale": [1.25, 1.25, 1.25]
		},
		"gui": {
			"rotation": [15, -25, -5],
			"translation": [0.5, -1.5, 0],
			"scale": [0.65, 0.65, 0.65]
		}
	}
}