{
  "parent": "minecraft:item/handheld",
  "textures": {
    "layer0": "minecraft:item/netherite_sword"
  },
  "overrides": [
    {
      "predicate": {
        "custom_model_data": 111001
      },
      "model": "donutblades:item/void"
    },
    {
      "predicate": {
        "custom_model_data": 111002
      },
      "model": "donutblades:item/titan"
    },
    {
      "predicate": {
        "custom_model_data": 111003
      },
      "model": "donutblades:item/storm"
    },
    {
      "predicate": {
        "custom_model_data": 111004
      },
      "model": "donutblades:item/blood"
    },
    {
      "predicate": {
        "custom_model_data": 111005
      },
      "model": "donutblades:item/frost"
    },
    {
      "predicate": {
        "custom_model_data": 111006
      },
      "model": "donutblades:item/inferno"
    },
    {
      "predicate": {
        "custom_model_data": 111007
      },
      "model": "donutblades:item/gale"
    },
    {
      "predicate": {
        "custom_model_data": 111008
      },
      "model": "donutblades:item/tide"
    }
  ]
}