{
  "providers": [
    {
      "type": "bitmap",
      "file": "minecraft:font/coin.png",
      "ascent": 8,
      "height": 8,
      "chars": [
        "\\uE001"
      ]
    },
    {
      "type": "bitmap",
      "file": "minecraft:font/key.png",
      "ascent": 8,
      "height": 8,
      "chars": [
        "\\uE002"
      ]
    },
    {
      "type": "bitmap",
      "file": "minecraft:font/sword.png",
      "ascent": 8,
      "height": 8,
      "chars": [
        "\\uE003"
      ]
    },
    {
      "type": "bitmap",
      "file": "minecraft:font/skull.png",
      "ascent": 8,
      "height": 8,
      "chars": [
        "\\uE004"
      ]
    },
    {
      "type": "bitmap",
      "file": "minecraft:font/clock.png",
      "ascent": 8,
      "height": 8,
      "chars": [
        "\\uE005"
      ]
    },
    {
      "type": "bitmap",
      "file": "minecraft:font/shard.png",
      "ascent": 8,
      "height": 8,
      "chars": [
        "\\uE006"
      ]
    }
  ]
}