{
  "providers": [
    { "type": "bitmap", "file": "minecraft:textures/font/OwnerPrefix.png",        "ascent": 12, "height": 16, "chars": ["\ue101"] },
    { "type": "bitmap", "file": "minecraft:textures/font/AdminPrefix.png",        "ascent": 12, "height": 16, "chars": ["\ue102"] },
    { "type": "bitmap", "file": "minecraft:textures/font/ManagerPrefix.png",      "ascent": 12, "height": 16, "chars": ["\ue103"] },
    { "type": "bitmap", "file": "minecraft:textures/font/DevPrefix.png",          "ascent": 12, "height": 16, "chars": ["\ue104"] },
    { "type": "bitmap", "file": "minecraft:textures/font/ModPrefix.png",          "ascent": 12, "height": 16, "chars": ["\ue105"] },
    { "type": "bitmap", "file": "minecraft:textures/font/HelperPrefix.png",       "ascent": 12, "height": 16, "chars": ["\ue106"] },
    { "type": "bitmap", "file": "minecraft:textures/font/BuilderPrefix.png",      "ascent": 12, "height": 16, "chars": ["\ue107"] },

    { "type": "bitmap", "file": "minecraft:textures/font/VipPrefix.png",          "ascent": 12, "height": 16, "chars": ["\ue108"] },
    { "type": "bitmap", "file": "minecraft:textures/font/VipPlusPrefix.png",      "ascent": 12, "height": 16, "chars": ["\ue109"] },
    { "type": "bitmap", "file": "minecraft:textures/font/MvpPrefix.png",          "ascent": 12, "height": 16, "chars": ["\ue10a"] },
    { "type": "bitmap", "file": "minecraft:textures/font/MvpPlusPrefix.png",      "ascent": 12, "height": 16, "chars": ["\ue10b"] },

    { "type": "bitmap", "file": "minecraft:textures/font/BoosterPrefix.png",      "ascent": 12, "height": 16, "chars": ["\ue10c"] },
    { "type": "bitmap", "file": "minecraft:textures/font/FamousPrefix.png",       "ascent": 12, "height": 16, "chars": ["\ue10d"] },
    { "type": "bitmap", "file": "minecraft:textures/font/StreamerPrefix.png",     "ascent": 12, "height": 16, "chars": ["\ue10e"] },
    { "type": "bitmap", "file": "minecraft:textures/font/TikTokerPreix.png",      "ascent": 12, "height": 16, "chars": ["\ue10f"] },
    { "type": "bitmap", "file": "minecraft:textures/font/YoutuberPrefix.png",     "ascent": 12, "height": 16, "chars": ["\ue110"] },

    { "type": "bitmap", "file": "minecraft:textures/font/UserPrefix.png",         "ascent": 12, "height": 16, "chars": ["\ue111"] },

    { "type": "bitmap", "file": "minecraft:textures/font/CommonPrefix.png",       "ascent": 12, "height": 16, "chars": ["\ue112"] },
    { "type": "bitmap", "file": "minecraft:textures/font/UncommonPrefix.png",     "ascent": 12, "height": 16, "chars": ["\ue113"] },
    { "type": "bitmap", "file": "minecraft:textures/font/RarePrefix.png",         "ascent": 12, "height": 16, "chars": ["\ue112"] },
    { "type": "bitmap", "file": "minecraft:textures/font/EpicPrefix.png",         "ascent": 12, "height": 16, "chars": ["\ue115"] },
    { "type": "bitmap", "file": "minecraft:textures/font/HeroicPrefix.png",       "ascent": 12, "height": 16, "chars": ["\ue116"] },
    { "type": "bitmap", "file": "minecraft:textures/font/LegendaryPrefix.png",    "ascent": 12, "height": 16, "chars": ["\ue117"] }
  ]
}
