{
  "providers": [
    {
      "type": "bitmap",
      "file": "minecraft:font/money.png",
      "ascent": 8,
      "height": 8,
      "chars": [
        ""
      ]
    },
    {
      "type": "bitmap",
      "file": "minecraft:font/shard.png",
      "ascent": 8,
      "height": 8,
      "chars": [
        ""
      ]
    },
    {
      "type": "bitmap",
      "file": "minecraft:font/kill.png",
      "ascent": 8,
      "height": 8,
      "chars": [
        ""
      ]
    },
    {
      "type": "bitmap",
      "file": "minecraft:font/death.png",
      "ascent": 8,
      "height": 8,
      "chars": [
        ""
      ]
    },
    {
      "type": "bitmap",
      "file": "minecraft:font/keyall.png",
      "ascent": 8,
      "height": 8,
      "chars": [
        ""
      ]
    },
    {
      "type": "bitmap",
      "file": "minecraft:font/time.png",
      "ascent": 8,
      "height": 8,
      "chars": [
        ""
      ]
    },
    {
      "type": "bitmap",
      "file": "minecraft:font/ping.png",
      "ascent": 8,
      "height": 8,
      "chars": [
        ""
      ]
    },
    {
      "type": "bitmap",
      "file": "minecraft:textures/font/OwnerPrefix.png",
      "ascent": 14,
      "height": 18,
      "chars": [
        ""
      ]
    },
    {
      "type": "bitmap",
      "file": "minecraft:textures/font/AdminPrefix.png",
      "ascent": 14,
      "height": 18,
      "chars": [
        ""
      ]
    },
    {
      "type": "bitmap",
      "file": "minecraft:textures/font/ManagerPrefix.png",
      "ascent": 14,
      "height": 18,
      "chars": [
        ""
      ]
    },
    {
      "type": "bitmap",
      "file": "minecraft:textures/font/DevPrefix.png",
      "ascent": 14,
      "height": 18,
      "chars": [
        ""
      ]
    },
    {
      "type": "bitmap",
      "file": "minecraft:textures/font/ModPrefix.png",
      "ascent": 14,
      "height": 18,
      "chars": [
        ""
      ]
    },
    {
      "type": "bitmap",
      "file": "minecraft:textures/font/HelperPrefix.png",
      "ascent": 14,
      "height": 18,
      "chars": [
        ""
      ]
    },
    {
      "type": "bitmap",
      "file": "minecraft:textures/font/BuilderPrefix.png",
      "ascent": 14,
      "height": 18,
      "chars": [
        ""
      ]
    },
    {
      "type": "bitmap",
      "file": "minecraft:textures/font/VipPrefix.png",
      "ascent": 14,
      "height": 18,
      "chars": [
        ""
      ]
    },
    {
      "type": "bitmap",
      "file": "minecraft:textures/font/VipPlusPrefix.png",
      "ascent": 14,
      "height": 18,
      "chars": [
        ""
      ]
    },
    {
      "type": "bitmap",
      "file": "minecraft:textures/font/MvpPrefix.png",
      "ascent": 14,
      "height": 18,
      "chars": [
        ""
      ]
    },
    {
      "type": "bitmap",
      "file": "minecraft:textures/font/MvpPlusPrefix.png",
      "ascent": 14,
      "height": 18,
      "chars": [
        ""
      ]
    },
    {
      "type": "bitmap",
      "file": "minecraft:textures/font/BoosterPrefix.png",
      "ascent": 14,
      "height": 18,
      "chars": [
        ""
      ]
    },
    {
      "type": "bitmap",
      "file": "minecraft:textures/font/FamousPrefix.png",
      "ascent": 14,
      "height": 18,
      "chars": [
        ""
      ]
    },
    {
      "type": "bitmap",
      "file": "minecraft:textures/font/StreamerPrefix.png",
      "ascent": 14,
      "height": 18,
      "chars": [
        ""
      ]
    },
    {
      "type": "bitmap",
      "file": "minecraft:textures/font/TikTokerPreix.png",
      "ascent": 14,
      "height": 18,
      "chars": [
        ""
      ]
    },
    {
      "type": "bitmap",
      "file": "minecraft:textures/font/YoutuberPrefix.png",
      "ascent": 14,
      "height": 18,
      "chars": [
        ""
      ]
    },
    {
      "type": "bitmap",
      "file": "minecraft:textures/font/UserPrefix.png",
      "ascent": 14,
      "height": 18,
      "chars": [
        ""
      ]
    },
    {
      "type": "bitmap",
      "file": "minecraft:textures/font/CommonPrefix.png",
      "ascent": 14,
      "height": 18,
      "chars": [
        ""
      ]
    },
    {
      "type": "bitmap",
      "file": "minecraft:textures/font/UncommonPrefix.png",
      "ascent": 14,
      "height": 18,
      "chars": [
        ""
      ]
    },
    {
      "type": "bitmap",
      "file": "minecraft:textures/font/RarePrefix.png",
      "ascent": 14,
      "height": 18,
      "chars": [
        ""
      ]
    },
    {
      "type": "bitmap",
      "file": "minecraft:textures/font/EpicPrefix.png",
      "ascent": 14,
      "height": 18,
      "chars": [
        ""
      ]
    },
    {
      "type": "bitmap",
      "file": "minecraft:textures/font/HeroicPrefix.png",
      "ascent": 14,
      "height": 18,
      "chars": [
        ""
      ]
    },
    {
      "type": "bitmap",
      "file": "minecraft:textures/font/LegendaryPrefix.png",
      "ascent": 14,
      "height": 18,
      "chars": [
        ""
      ]
    }
  ]
}