{
  "providers": [
    {
      "type": "bitmap",
      "file": "minecraft:font/money.png",
      "ascent": 8,
      "height": 8,
      "chars": [
        "\ue001"
      ]
    },
    {
      "type": "bitmap",
      "file": "minecraft:font/shard.png",
      "ascent": 8,
      "height": 8,
      "chars": [
        "\ue002"
      ]
    },
    {
      "type": "bitmap",
      "file": "minecraft:font/kill.png",
      "ascent": 8,
      "height": 8,
      "chars": [
        "\ue003"
      ]
    },
    {
      "type": "bitmap",
      "file": "minecraft:font/death.png",
      "ascent": 8,
      "height": 8,
      "chars": [
        "\ue004"
      ]
    },
    {
      "type": "bitmap",
      "file": "minecraft:font/keyall.png",
      "ascent": 8,
      "height": 8,
      "chars": [
        "\ue005"
      ]
    },
    {
      "type": "bitmap",
      "file": "minecraft:font/time.png",
      "ascent": 8,
      "height": 8,
      "chars": [
        "\ue006"
      ]
    }
  ]
}