{
  "oversized_in_gui": true,
  "model": {
    "type": "minecraft:select",
    "cases": [
      {
        "model": {
          "type": "minecraft:model",
          "model": "wasd:item/spears/fishing"
        },
        "when": [
          "gui",
          "ground",
          "fixed",
          "on_shelf"
        ]
      }
    ],
    "fallback": {
      "type": "minecraft:model",
      "model": "wasd:item/spears/fishing_hand"
    },
    "property": "minecraft:display_context"
  },
  "swap_animation_scale": 1.9
}