{
  "model": {
    "type": "minecraft:range_dispatch",
    "property": "minecraft:custom_model_data",
    "fallback": {
      "type": "minecraft:model",
      "model": "minecraft:item/netherite_sword"
    },
    "entries": [
      {
        "threshold": 111001,
        "model": {
          "type": "minecraft:model",
          "model": "donutblades:item/void"
        }
      },
      {
        "threshold": 111002,
        "model": {
          "type": "minecraft:model",
          "model": "donutblades:item/titan"
        }
      },
      {
        "threshold": 111003,
        "model": {
          "type": "minecraft:model",
          "model": "donutblades:item/storm"
        }
      },
      {
        "threshold": 111004,
        "model": {
          "type": "minecraft:model",
          "model": "donutblades:item/blood"
        }
      },
      {
        "threshold": 111005,
        "model": {
          "type": "minecraft:model",
          "model": "donutblades:item/frost"
        }
      },
      {
        "threshold": 111006,
        "model": {
          "type": "minecraft:model",
          "model": "donutblades:item/inferno"
        }
      },
      {
        "threshold": 111007,
        "model": {
          "type": "minecraft:model",
          "model": "donutblades:item/gale"
        }
      },
      {
        "threshold": 111008,
        "model": {
          "type": "minecraft:model",
          "model": "donutblades:item/tide"
        }
      }
    ]
  }
}