{
    "model": {
        "type": "minecraft:select",
        "property": "minecraft:component",
        "component": "minecraft:item_name",
        "cases": [
            {
                "when": {
                    "extra": [
                        {
                            "bold": true,
                            "color": "white",
                            "italic": false,
                            "obfuscated": false,
                            "strikethrough": false,
                            "text": "Anduril ",
                            "underlined": false
                        },
                        {
                            "bold": false,
                            "color": "gold",
                            "italic": false,
                            "text": "⚝⚝⚝⚝⚝"
                        }
                    ],
                    "text": ""
                },
                "model": {
                    "type": "minecraft:model",
                    "model": "weaponmaster:anduril/anduril"
                }
            },
            {
                "when": {
                    "extra": [
                        {
                            "italic": false,
                            "underlined": false,
                            "bold": true,
                            "color": "white",
                            "obfuscated": false,
                            "strikethrough": false,
                            "text": "Helios "
                        },
                        {
                            "italic": false,
                            "text": "⚝⚝⚝⚝⚝",
                            "bold": false,
                            "color": "gold"
                        }
                    ],
                    "text": ""
                },
                "model": {
                    "type": "minecraft:model",
                    "model": "weaponmaster:helios/helios"
                }
            },
            {
                "when": {
                    "extra": [
                        {
                            "italic": false,
                            "underlined": false,
                            "bold": false,
                            "color": "red",
                            "obfuscated": false,
                            "strikethrough": false,
                            "text": "Throwing Knife "
                        },
                        {
                            "italic": false,
                            "text": "⚝⚝⚝⚝⚝",
                            "color": "gold"
                        }
                    ],
                    "text": ""
                },
                "model": {
                    "type": "minecraft:model",
                    "model": "weaponmaster:throwingknife/throwingknife"
                }
            }
        ],
        "fallback": {
            "type": "minecraft:model",
            "model": "minecraft:item/iron_sword"
        }
    }
}
