{
    "model": {
        "type": "minecraft:select",
        "property": "minecraft:component",
        "component": "minecraft:item_name",
        "cases": [
            {
                "when": {
                    "extra": [
                        {
                            "color": "dark_purple",
                            "underlined": false,
                            "text": "Artemis Bow ",
                            "bold": false,
                            "strikethrough": false,
                            "italic": false,
                            "obfuscated": false
                        },
                        {
                            "color": "gold",
                            "text": "⚝⚝⚝⚝⚝",
                            "italic": false
                        }
                    ],
                    "text": ""
                },
                "model": {
                    "type": "minecraft:condition",
                    "on_false": {
                        "type": "minecraft:model",
                        "model": "weaponmaster:artemis/artemis"
                    },
                    "on_true": {
                        "type": "minecraft:range_dispatch",
                        "entries": [
                            {
                                "model": {
                                    "type": "minecraft:model",
                                    "model": "weaponmaster:artemis/artemis_pulling_1"
                                },
                                "threshold": 0.65
                            },
                            {
                                "model": {
                                    "type": "minecraft:model",
                                    "model": "weaponmaster:artemis/artemis_pulling_2"
                                },
                                "threshold": 0.9
                            }
                        ],
                        "fallback": {
                            "type": "minecraft:model",
                            "model": "weaponmaster:artemis/artemis_pulling_0"
                        },
                        "property": "minecraft:use_duration",
                        "scale": 0.05
                    },
                    "property": "minecraft:using_item"
                }
            },
            {
                "when": {
                    "extra": [
                        {
                            "color": "gray",
                            "underlined": false,
                            "text": "Ninja Bow ",
                            "bold": true,
                            "strikethrough": false,
                            "italic": false,
                            "obfuscated": false
                        },
                        {
                            "color": "gold",
                            "text": "⚝⚝⚝⚝⚝",
                            "bold": false,
                            "italic": false
                        }
                    ],
                    "text": ""
                },
                "model": {
                    "type": "minecraft:condition",
                    "on_false": {
                        "type": "minecraft:model",
                        "model": "weaponmaster:ninjabow/ninjabow"
                    },
                    "on_true": {
                        "type": "minecraft:range_dispatch",
                        "entries": [
                            {
                                "model": {
                                    "type": "minecraft:model",
                                    "model": "weaponmaster:ninjabow/ninjabow_pulling_1"
                                },
                                "threshold": 0.65
                            },
                            {
                                "model": {
                                    "type": "minecraft:model",
                                    "model": "weaponmaster:ninjabow/ninjabow_pulling_2"
                                },
                                "threshold": 0.9
                            }
                        ],
                        "fallback": {
                            "type": "minecraft:model",
                            "model": "weaponmaster:ninjabow/ninjabow_pulling_0"
                        },
                        "property": "minecraft:use_duration",
                        "scale": 0.05
                    },
                    "property": "minecraft:using_item"
                }
            }
        ],
        "fallback": {
            "type": "minecraft:condition",
            "on_false": {
                "type": "minecraft:model",
                "model": "minecraft:item/bow"
            },
            "on_true": {
                "type": "minecraft:range_dispatch",
                "entries": [
                    {
                        "model": {
                            "type": "minecraft:model",
                            "model": "minecraft:item/bow_pulling_1"
                        },
                        "threshold": 0.65
                    },
                    {
                        "model": {
                            "type": "minecraft:model",
                            "model": "minecraft:item/bow_pulling_2"
                        },
                        "threshold": 0.9
                    }
                ],
                "fallback": {
                    "type": "minecraft:model",
                    "model": "minecraft:item/bow_pulling_0"
                },
                "property": "minecraft:use_duration",
                "scale": 0.05
            },
            "property": "minecraft:using_item"
        }
    }
}
