{
    "model": {
        "type": "minecraft:select",
        "property": "minecraft:component",
        "component": "minecraft:item_name",
        "cases": [
            {
                "when": {
                    "extra": [
                        {
                            "bold": false,
                            "color": "green",
                            "italic": false,
                            "obfuscated": false,
                            "strikethrough": false,
                            "text": "Dragon Sword ",
                            "underlined": false
                        },
                        {
                            "color": "gold",
                            "italic": false,
                            "text": "⚝⚝⚝⚝⚝"
                        }
                    ],
                    "text": ""
                },
                "model": {
                    "type": "minecraft:model",
                    "model": "weaponmaster:dragonsword/dragonsword"
                }
            }
        ],
        "fallback": {
            "type": "minecraft:model",
            "model": "minecraft:item/netherite_sword"
        }
    }
}
