{
    "model": {
        "type": "minecraft:select",
        "property": "minecraft:component",
        "component": "minecraft:item_name",
        "cases": [
            {
                "when": {
                    "extra": [
                        {
                            "italic": false,
                            "underlined": false,
                            "bold": false,
                            "color": "dark_red",
                            "obfuscated": false,
                            "strikethrough": false,
                            "text": "Nether Reactor Core"
                        }
                    ],
                    "text": ""
                },
                "model": {
                    "type": "minecraft:model",
                    "model": "weaponmaster:other/core_staff"
                }
            }
        ],
        "fallback": {
            "type": "minecraft:model",
            "model": "minecraft:item/nether_brick"
        }
    }
}
