{
  "parent": "minecraft:item/handheld",
  "textures": {
    "tex": "donutblades:item/gale"
  },
  "elements": [
    {
      "from": [
        7.0,
        2.0,
        7.2
      ],
      "to": [
        9.0,
        15.5,
        8.8
      ],
      "faces": {
        "north": {
          "texture": "#tex"
        },
        "south": {
          "texture": "#tex"
        },
        "east": {
          "texture": "#tex"
        },
        "west": {
          "texture": "#tex"
        },
        "up": {
          "texture": "#tex"
        },
        "down": {
          "texture": "#tex"
        }
      }
    },
    {
      "from": [
        6.6,
        2.0,
        7.4
      ],
      "to": [
        7.0,
        15.2,
        8.6
      ],
      "faces": {
        "north": {
          "texture": "#tex"
        },
        "south": {
          "texture": "#tex"
        },
        "east": {
          "texture": "#tex"
        },
        "west": {
          "texture": "#tex"
        },
        "up": {
          "texture": "#tex"
        },
        "down": {
          "texture": "#tex"
        }
      }
    },
    {
      "from": [
        9.0,
        2.0,
        7.4
      ],
      "to": [
        9.4,
        15.2,
        8.6
      ],
      "faces": {
        "north": {
          "texture": "#tex"
        },
        "south": {
          "texture": "#tex"
        },
        "east": {
          "texture": "#tex"
        },
        "west": {
          "texture": "#tex"
        },
        "up": {
          "texture": "#tex"
        },
        "down": {
          "texture": "#tex"
        }
      }
    },
    {
      "from": [
        7.2,
        15.2,
        7.5
      ],
      "to": [
        8.8,
        16.0,
        8.5
      ],
      "faces": {
        "north": {
          "texture": "#tex"
        },
        "south": {
          "texture": "#tex"
        },
        "east": {
          "texture": "#tex"
        },
        "west": {
          "texture": "#tex"
        },
        "up": {
          "texture": "#tex"
        },
        "down": {
          "texture": "#tex"
        }
      }
    },
    {
      "from": [
        5.5,
        1.6,
        6.8
      ],
      "to": [
        10.5,
        2.8,
        9.2
      ],
      "faces": {
        "north": {
          "texture": "#tex"
        },
        "south": {
          "texture": "#tex"
        },
        "east": {
          "texture": "#tex"
        },
        "west": {
          "texture": "#tex"
        },
        "up": {
          "texture": "#tex"
        },
        "down": {
          "texture": "#tex"
        }
      }
    },
    {
      "from": [
        7.3,
        -2.0,
        7.4
      ],
      "to": [
        8.7,
        1.6,
        8.6
      ],
      "faces": {
        "north": {
          "texture": "#tex"
        },
        "south": {
          "texture": "#tex"
        },
        "east": {
          "texture": "#tex"
        },
        "west": {
          "texture": "#tex"
        },
        "up": {
          "texture": "#tex"
        },
        "down": {
          "texture": "#tex"
        }
      }
    },
    {
      "from": [
        7.0,
        -3.0,
        7.0
      ],
      "to": [
        9.0,
        -2.0,
        9.0
      ],
      "faces": {
        "north": {
          "texture": "#tex"
        },
        "south": {
          "texture": "#tex"
        },
        "east": {
          "texture": "#tex"
        },
        "west": {
          "texture": "#tex"
        },
        "up": {
          "texture": "#tex"
        },
        "down": {
          "texture": "#tex"
        }
      }
    }
  ]
}