{
	"format_version": "1.21.11",
	"credit": "Created by Mickey Joe Alpha - http://YouTube.com/@MushirMickeyJoe",
	"parent": "block/block",
	"textures": {
		"particle": "block/beacon_base_top",
		"side": "block/beacon_base_side",
		"bottom": "block/enchanting_table_bottom",
		"portal": "block/nether_portal",
		"nether_star": "block/beacon_core"
	},
	"elements": [
		{
			"from": [0, 0, 0],
			"to": [16, 3, 16],
			"faces": {
				"north": {"uv": [0, 13, 16, 16], "texture": "#side", "cullface": "north"},
				"east": {"uv": [0, 13, 16, 16], "texture": "#side", "cullface": "east"},
				"south": {"uv": [0, 13, 16, 16], "texture": "#side"},
				"west": {"uv": [0, 13, 16, 16], "texture": "#side", "cullface": "west"},
				"up": {"uv": [0, 0, 16, 16], "texture": "#particle"},
				"down": {"uv": [0, 0, 16, 16], "texture": "#bottom", "cullface": "down"}
			}
		},
		{
			"from": [1, 13, 4],
			"to": [15, 13, 12],
			"rotation": {"x": 0, "y": 45, "z": 0, "origin": [8, 11, 8]},
			"faces": {
				"up": {"uv": [2, 0, 16, 8], "texture": "#side"},
				"down": {"uv": [16, 0, 2, 8], "texture": "#side"}
			}
		},
		{
			"from": [1, 3, 7],
			"to": [1, 13, 9],
			"rotation": {"x": 0, "y": 45, "z": 0, "origin": [8, 11, 8]},
			"faces": {
				"east": {"uv": [0, 0, 2, 12], "texture": "#side"},
				"west": {"uv": [0, 0, 2, 12], "texture": "#side"}
			}
		},
		{
			"from": [15, 3, 7],
			"to": [15, 13, 9],
			"rotation": {"x": 0, "y": 45, "z": 0, "origin": [8, 11, 8]},
			"faces": {
				"east": {"uv": [0, 0, 2, 12], "texture": "#side"},
				"west": {"uv": [0, 0, 2, 12], "texture": "#side"}
			}
		},
		{
			"from": [6.5, 7.25, 6.5],
			"to": [9.5, 10.25, 9.5],
			"light_emission": 15,
			"rotation": {"x": 0, "y": 0, "z": 0, "origin": [0, 0.25, 0]},
			"faces": {
				"north": {"uv": [7, 10, 10, 13], "texture": "#portal"},
				"east": {"uv": [4, 7, 7, 10], "texture": "#portal"},
				"south": {"uv": [7, 4, 10, 7], "texture": "#portal"},
				"west": {"uv": [10, 7, 13, 10], "texture": "#portal"},
				"up": {"uv": [7, 7, 10, 10], "texture": "#portal"},
				"down": {"uv": [13, 7, 16, 10], "texture": "#portal"}
			}
		},
		{
			"from": [4, 3, 4],
			"to": [12, 6, 12],
			"faces": {
				"north": {"uv": [12, 10, 4, 13], "texture": "#side"},
				"east": {"uv": [12, 10, 4, 13], "texture": "#side"},
				"south": {"uv": [12, 10, 4, 13], "texture": "#side"},
				"west": {"uv": [12, 10, 4, 13], "texture": "#side"},
				"up": {"uv": [4, 4, 12, 12], "rotation": 90, "texture": "#particle"}
			}
		},
		{
			"from": [7.5, 6.25, 0.5],
			"to": [8.5, 7.25, 7.5],
			"light_emission": 6,
			"rotation": {"x": 22.5, "y": 0, "z": 0, "origin": [8, 7.25, 6.5]},
			"faces": {
				"north": {"uv": [9, 0, 8, 1], "texture": "#nether_star"},
				"east": {"uv": [8, 0, 9, 7], "rotation": 90, "texture": "#nether_star"},
				"south": {"uv": [8, 6, 9, 7], "texture": "#nether_star"},
				"west": {"uv": [8, 0, 9, 7], "rotation": 270, "texture": "#nether_star"}
			}
		},
		{
			"from": [5.5, 6.25, 0.5],
			"to": [10.5, 7.25, 7.5],
			"light_emission": 6,
			"rotation": {"x": 22.5, "y": 0, "z": 0, "origin": [8, 7.25, 6.5]},
			"faces": {
				"up": {"uv": [6, 0, 11, 7], "texture": "#nether_star"},
				"down": {"uv": [6, 7, 11, 0], "texture": "#nether_star"}
			}
		},
		{
			"from": [6.5, 6.25, 1.5],
			"to": [7.5, 7.25, 6.5],
			"light_emission": 6,
			"rotation": {"x": 22.5, "y": 0, "z": 0, "origin": [8, 7.25, 6.5]},
			"faces": {
				"north": {"uv": [8, 1, 7, 2], "texture": "#nether_star"},
				"south": {"uv": [7, 5, 8, 6], "texture": "#nether_star"},
				"west": {"uv": [7, 1, 8, 6], "rotation": 270, "texture": "#nether_star"}
			}
		},
		{
			"from": [8.5, 6.25, 1.5],
			"to": [9.5, 7.25, 6.5],
			"light_emission": 6,
			"rotation": {"x": 22.5, "y": 0, "z": 0, "origin": [8, 7.25, 6.5]},
			"faces": {
				"north": {"uv": [10, 1, 9, 2], "texture": "#nether_star"},
				"east": {"uv": [9, 1, 10, 6], "rotation": 90, "texture": "#nether_star"},
				"south": {"uv": [9, 5, 10, 6], "texture": "#nether_star"}
			}
		},
		{
			"from": [5.5, 6.25, 2.5],
			"to": [6.5, 7.25, 5.5],
			"light_emission": 6,
			"rotation": {"x": 22.5, "y": 0, "z": 0, "origin": [8, 7.25, 6.5]},
			"faces": {
				"north": {"uv": [7, 2, 6, 3], "texture": "#nether_star"},
				"south": {"uv": [6, 4, 7, 5], "texture": "#nether_star"},
				"west": {"uv": [6, 2, 7, 5], "rotation": 270, "texture": "#nether_star"}
			}
		},
		{
			"from": [9.5, 6.25, 2.5],
			"to": [10.5, 7.25, 5.5],
			"light_emission": 6,
			"rotation": {"x": 22.5, "y": 0, "z": 0, "origin": [8, 7.25, 6.5]},
			"faces": {
				"north": {"uv": [11, 2, 10, 3], "texture": "#nether_star"},
				"east": {"uv": [10, 2, 11, 5], "rotation": 90, "texture": "#nether_star"},
				"south": {"uv": [10, 4, 11, 5], "texture": "#nether_star"}
			}
		},
		{
			"from": [2.5, 6.25, 5.5],
			"to": [5.5, 7.25, 10.5],
			"light_emission": 6,
			"rotation": {"x": 0, "y": 0, "z": -22.5, "origin": [6.5, 7.25, 8]},
			"faces": {
				"north": {"uv": [5, 5, 2, 6], "texture": "#nether_star"},
				"east": {"uv": [4, 5, 5, 10], "rotation": 90, "texture": "#nether_star"},
				"south": {"uv": [2, 9, 5, 10], "texture": "#nether_star"},
				"west": {"uv": [2, 5, 3, 10], "rotation": 270, "texture": "#nether_star"}
			}
		},
		{
			"from": [1.5, 6.25, 6.5],
			"to": [2.5, 7.25, 9.5],
			"light_emission": 6,
			"rotation": {"x": 0, "y": 0, "z": -22.5, "origin": [6.5, 7.25, 8]},
			"faces": {
				"north": {"uv": [2, 6, 1, 7], "texture": "#nether_star"},
				"south": {"uv": [1, 8, 2, 9], "texture": "#nether_star"},
				"west": {"uv": [1, 6, 2, 9], "rotation": 270, "texture": "#nether_star"}
			}
		},
		{
			"from": [5.5, 6.25, 6.5],
			"to": [6.5, 7.25, 9.5],
			"light_emission": 6,
			"rotation": {"x": 0, "y": 0, "z": -22.5, "origin": [6.5, 7.25, 8]},
			"faces": {
				"north": {"uv": [6, 6, 5, 7], "texture": "#nether_star"},
				"east": {"uv": [5, 9, 6, 6], "rotation": 270, "texture": "#nether_star"},
				"south": {"uv": [5, 8, 6, 9], "texture": "#nether_star"},
				"west": {"uv": [5, 6, 6, 9], "rotation": 270, "texture": "#nether_star"}
			}
		},
		{
			"from": [10.5, 6.25, 5.5],
			"to": [13.5, 7.25, 10.5],
			"light_emission": 6,
			"rotation": {"x": 0, "y": 0, "z": 22.5, "origin": [9.5, 7.25, 8]},
			"faces": {
				"north": {"uv": [14, 6, 11, 7], "texture": "#nether_star"},
				"east": {"uv": [13, 6, 14, 11], "rotation": 90, "texture": "#nether_star"},
				"south": {"uv": [11, 10, 14, 11], "texture": "#nether_star"},
				"west": {"uv": [11, 6, 12, 11], "rotation": 270, "texture": "#nether_star"}
			}
		},
		{
			"from": [8.5, 6.25, 5.5],
			"to": [15.5, 7.25, 10.5],
			"light_emission": 6,
			"rotation": {"x": 0, "y": 0, "z": 22.5, "origin": [9.5, 7.25, 8]},
			"faces": {
				"up": {"uv": [9, 6, 16, 11], "texture": "#nether_star"},
				"down": {"uv": [9, 11, 16, 6], "texture": "#nether_star"}
			}
		},
		{
			"from": [0.5, 6.25, 7.5],
			"to": [1.5, 7.25, 8.5],
			"light_emission": 6,
			"rotation": {"x": 0, "y": 0, "z": -22.5, "origin": [6.5, 7.25, 8]},
			"faces": {
				"north": {"uv": [1, 7, 0, 8], "texture": "#nether_star"},
				"south": {"uv": [0, 7, 1, 8], "texture": "#nether_star"},
				"west": {"uv": [0, 7, 1, 8], "rotation": 270, "texture": "#nether_star"}
			}
		},
		{
			"from": [0.5, 6.25, 5.5],
			"to": [7.5, 7.25, 10.5],
			"light_emission": 6,
			"rotation": {"x": 0, "y": 0, "z": -22.5, "origin": [6.5, 7.25, 8]},
			"faces": {
				"up": {"uv": [0, 5, 7, 10], "texture": "#nether_star"},
				"down": {"uv": [0, 10, 7, 5], "texture": "#nether_star"}
			}
		},
		{
			"from": [6.5, 6.25, 7.5],
			"to": [7.5, 7.25, 8.5],
			"light_emission": 6,
			"rotation": {"x": 0, "y": 0, "z": -22.5, "origin": [6.5, 7.25, 8]},
			"faces": {
				"north": {"uv": [7, 7, 6, 8], "texture": "#nether_star"},
				"east": {"uv": [6, 7, 7, 8], "rotation": 90, "texture": "#nether_star"},
				"south": {"uv": [6, 7, 7, 8], "texture": "#nether_star"},
				"west": {"uv": [6, 7, 7, 8], "rotation": 270, "texture": "#nether_star"}
			}
		},
		{
			"from": [9.5, 6.25, 6.5],
			"to": [10.5, 7.25, 9.5],
			"light_emission": 6,
			"rotation": {"x": 0, "y": 0, "z": 22.5, "origin": [9.5, 7.25, 8]},
			"faces": {
				"north": {"uv": [11, 7, 10, 8], "texture": "#nether_star"},
				"south": {"uv": [10, 9, 11, 10], "texture": "#nether_star"},
				"west": {"uv": [10, 7, 11, 10], "rotation": 270, "texture": "#nether_star"}
			}
		},
		{
			"from": [13.5, 6.25, 6.5],
			"to": [14.5, 7.25, 9.5],
			"light_emission": 6,
			"rotation": {"x": 0, "y": 0, "z": 22.5, "origin": [9.5, 7.25, 8]},
			"faces": {
				"north": {"uv": [15, 7, 14, 8], "texture": "#nether_star"},
				"east": {"uv": [14, 7, 15, 10], "rotation": 90, "texture": "#nether_star"},
				"south": {"uv": [14, 9, 15, 10], "texture": "#nether_star"}
			}
		},
		{
			"from": [8.5, 6.25, 7.5],
			"to": [9.5, 7.25, 8.5],
			"light_emission": 6,
			"rotation": {"x": 0, "y": 0, "z": 22.5, "origin": [9.5, 7.25, 8]},
			"faces": {
				"north": {"uv": [10, 8, 9, 9], "texture": "#nether_star"},
				"east": {"uv": [9, 8, 10, 9], "rotation": 90, "texture": "#nether_star"},
				"south": {"uv": [9, 8, 10, 9], "texture": "#nether_star"},
				"west": {"uv": [9, 8, 10, 9], "rotation": 270, "texture": "#nether_star"}
			}
		},
		{
			"from": [14.5, 6.25, 7.5],
			"to": [15.5, 7.25, 8.5],
			"light_emission": 6,
			"rotation": {"x": 0, "y": 0, "z": 22.5, "origin": [9.5, 7.25, 8]},
			"faces": {
				"north": {"uv": [16, 8, 15, 9], "texture": "#nether_star"},
				"east": {"uv": [15, 8, 16, 9], "rotation": 90, "texture": "#nether_star"},
				"south": {"uv": [15, 8, 16, 9], "texture": "#nether_star"}
			}
		},
		{
			"from": [7.5, 6.25, 8.5],
			"to": [8.5, 7.25, 15.5],
			"light_emission": 6,
			"rotation": {"x": -22.5, "y": 0, "z": 0, "origin": [7.5, 7.25, 9.5]},
			"faces": {
				"north": {"uv": [8, 9, 7, 10], "texture": "#nether_star"},
				"east": {"uv": [7, 9, 8, 16], "rotation": 90, "texture": "#nether_star"},
				"south": {"uv": [7, 15, 8, 16], "texture": "#nether_star"},
				"west": {"uv": [7, 9, 8, 16], "rotation": 270, "texture": "#nether_star"}
			}
		},
		{
			"from": [5.5, 6.25, 8.5],
			"to": [10.5, 7.25, 15.5],
			"light_emission": 6,
			"rotation": {"x": -22.5, "y": 0, "z": 0, "origin": [7.5, 7.25, 9.5]},
			"faces": {
				"up": {"uv": [5, 9, 10, 16], "texture": "#nether_star"},
				"down": {"uv": [5, 16, 10, 9], "texture": "#nether_star"}
			}
		},
		{
			"from": [6.5, 6.25, 9.5],
			"to": [7.5, 7.25, 14.5],
			"light_emission": 6,
			"rotation": {"x": -22.5, "y": 0, "z": 0, "origin": [7.5, 7.25, 9.5]},
			"faces": {
				"north": {"uv": [7, 10, 6, 11], "texture": "#nether_star"},
				"south": {"uv": [6, 14, 7, 15], "texture": "#nether_star"},
				"west": {"uv": [6, 10, 7, 15], "rotation": 270, "texture": "#nether_star"}
			}
		},
		{
			"from": [8.5, 6.25, 9.5],
			"to": [9.5, 7.25, 14.5],
			"light_emission": 6,
			"rotation": {"x": -22.5, "y": 0, "z": 0, "origin": [7.5, 7.25, 9.5]},
			"faces": {
				"north": {"uv": [9, 10, 8, 11], "texture": "#nether_star"},
				"east": {"uv": [8, 10, 9, 15], "rotation": 90, "texture": "#nether_star"},
				"south": {"uv": [8, 14, 9, 15], "texture": "#nether_star"}
			}
		},
		{
			"from": [5.5, 6.25, 10.5],
			"to": [6.5, 7.25, 13.5],
			"light_emission": 6,
			"rotation": {"x": -22.5, "y": 0, "z": 0, "origin": [7.5, 7.25, 9.5]},
			"faces": {
				"north": {"uv": [6, 11, 5, 12], "texture": "#nether_star"},
				"south": {"uv": [5, 13, 6, 14], "texture": "#nether_star"},
				"west": {"uv": [5, 11, 6, 14], "rotation": 270, "texture": "#nether_star"}
			}
		},
		{
			"from": [9.5, 6.25, 10.5],
			"to": [10.5, 7.25, 13.5],
			"light_emission": 6,
			"rotation": {"x": -22.5, "y": 0, "z": 0, "origin": [7.5, 7.25, 9.5]},
			"faces": {
				"north": {"uv": [10, 11, 9, 12], "texture": "#nether_star"},
				"east": {"uv": [9, 11, 10, 14], "rotation": 90, "texture": "#nether_star"},
				"south": {"uv": [9, 13, 10, 14], "texture": "#nether_star"}
			}
		}
	]
}