{
	"format_version": "1.21.6",
	"credit": "Created by Mickey Joe Alpha - http://YouTube.com/@MushirMickeyJoe",
	"parent": "block/block",
	"textures": {
		"bottom": "block/bee_nest_bottom_honey_5",
		"front": "block/bee_nest_front_honey_5",
		"top": "block/bee_nest_top_honey_5",
		"particle": "block/bee_nest_side_honey_5"
	},
	"elements": [
		{
			"from": [0, 0, 0],
			"to": [16, 16, 16],
			"faces": {
				"north": {"uv": [0, 0, 16, 16], "texture": "#front", "cullface": "north"},
				"east": {"uv": [0, 0, 16, 16], "texture": "#particle", "cullface": "east"},
				"south": {"uv": [0, 0, 16, 16], "texture": "#particle", "cullface": "south"},
				"west": {"uv": [0, 0, 16, 16], "texture": "#particle", "cullface": "west"},
				"up": {"uv": [0, 0, 16, 16], "texture": "#top", "cullface": "up"},
				"down": {"uv": [0, 0, 16, 16], "texture": "#bottom", "cullface": "down"}
			}
		},
		{
			"from": [11, -0.99, -0.01],
			"to": [13, 0.01, -0.01],
			"rotation": {"angle": 0, "axis": "y", "origin": [11, -2, 0]},
			"faces": {
				"north": {"uv": [2, 15, 4, 14], "texture": "#front", "cullface": "down"},
				"south": {"uv": [4, 15, 2, 14], "texture": "#front", "cullface": "down"}
			}
		},
		{
			"from": [11, -1.99, -0.01],
			"to": [12, -0.99, -0.01],
			"rotation": {"angle": 0, "axis": "y", "origin": [10, -3, 0]},
			"faces": {
				"north": {"uv": [2, 14, 3, 15], "texture": "#front", "cullface": "down"},
				"south": {"uv": [3, 14, 2, 15], "texture": "#front", "cullface": "down"}
			}
		}
	]
}