{
	"credit": "Created by Mickey Joe Alpha - http://YouTube.com/@MushirMickeyJoe",
	"parent": "block/block",
	"textures": {
		"front": "block/beehive_front_honey_5",
		"top": "block/beehive_end",
		"side": "block/beehive_side",
		"particle": "block/beehive_side_honey_5"
	},
	"elements": [
		{
			"from": [0, 0, 0],
			"to": [16, 16, 16],
			"faces": {
				"north": {"uv": [0, 0, 16, 16], "texture": "#front", "cullface": "north"},
				"east": {"uv": [0, 0, 16, 16], "texture": "#particle", "cullface": "east"},
				"south": {"uv": [0, 0, 16, 16], "texture": "#particle", "cullface": "south"},
				"west": {"uv": [0, 0, 16, 16], "texture": "#particle", "cullface": "west"},
				"down": {"uv": [0, 0, 16, 16], "texture": "#top", "cullface": "down"}
			}
		},
		{
			"from": [-0.001, 15.999, -0.001],
			"to": [16.001, 17.001, 16.001],
			"rotation": {"angle": 0, "axis": "y", "origin": [0, 16, 0]},
			"faces": {
				"north": {"uv": [0, 0, 16, 1], "texture": "#side", "cullface": "up"},
				"east": {"uv": [0, 0, 16, 1], "texture": "#side", "cullface": "up"},
				"south": {"uv": [0, 0, 16, 1], "texture": "#side", "cullface": "up"},
				"west": {"uv": [0, 0, 16, 1], "texture": "#side", "cullface": "up"},
				"up": {"uv": [0, 0, 16, 16], "texture": "#top", "cullface": "up"}
			}
		},
		{
			"from": [7, -1, 0],
			"to": [8, 0, 0],
			"rotation": {"angle": 0, "axis": "y", "origin": [6, -2, 0]},
			"faces": {
				"north": {"uv": [8, 15, 9, 16], "texture": "#front", "cullface": "down"},
				"south": {"uv": [8, 15, 9, 16], "texture": "#front", "cullface": "down"}
			}
		}
	]
}