{
	"credit": "Created by Mickey Joe Alpha - http://YouTube.com/@MushirMickeyJoe",
	"parent": "block/block",
	"textures": {
		"particle": "block/brown_mushroom"
	},
	"elements": [
		{
			"from": [5.99, -0.01, 5.99],
			"to": [8.01, 6.01, 8.01],
			"rotation": {"angle": 0, "axis": "y", "origin": [7, 8, 7]},
			"faces": {
				"north": {"uv": [8, 9, 10, 15], "texture": "#particle"},
				"east": {"uv": [8, 9, 10, 15], "texture": "#particle"},
				"south": {"uv": [8, 9, 10, 15], "texture": "#particle"},
				"west": {"uv": [8, 9, 10, 15], "texture": "#particle"},
				"down": {"uv": [10, 8, 12, 10], "texture": "#particle", "cullface": "down"}
			}
		},
		{
			"from": [2.99, 5.97, 2.99],
			"to": [11.01, 7.99, 11.01],
			"rotation": {"angle": 0, "axis": "y", "origin": [7, 8, 7]},
			"faces": {
				"north": {"uv": [0, 8, 8, 10], "texture": "#particle"},
				"east": {"uv": [0, 8, 8, 10], "texture": "#particle"},
				"south": {"uv": [0, 10, 8, 12], "texture": "#particle"},
				"west": {"uv": [0, 8, 8, 10], "texture": "#particle"},
				"up": {"uv": [0, 0, 8, 8], "texture": "#particle"},
				"down": {"uv": [8, 0, 16, 8], "texture": "#particle"}
			}
		}
	],
	"display": {
		"thirdperson_righthand": {
			"translation": [0.5, 4, 1.5],
			"scale": [0.5, 0.5, 0.5]
		},
		"thirdperson_lefthand": {
			"translation": [-0.5, 4, 1.5],
			"scale": [0.5, 0.5, 0.5]
		},
		"firstperson_righthand": {
			"rotation": [0, 45, 0],
			"translation": [0, 2.5, 0],
			"scale": [0.4, 0.4, 0.4]
		},
		"firstperson_lefthand": {
			"rotation": [0, 45, 0],
			"translation": [0, 2.5, 0],
			"scale": [0.4, 0.4, 0.4]
		},
		"gui": {
			"rotation": [48.38, 0.07, 33.89],
			"translation": [-0.5, 0.5, 0],
			"scale": [1.2, 1.2, 1.2]
		},
		"head": {
			"translation": [0, 14.5, 0]
		}
	}
}