{
	"credit": "Created by Mickey Joe Alpha - http://YouTube.com/@MushirMickeyJoe",
	"ambientocclusion": false,
	"texture_size": [32, 32],
	"textures": {
		"particle": "block/bush"
	},
	"elements": [
		{
			"from": [8, 0, -3],
			"to": [8, 16, 19],
			"shade": false,
			"rotation": {"angle": -45, "axis": "y", "origin": [8, 16, 8]},
			"faces": {
				"east": {"uv": [2.5, 8, 13.5, 16], "texture": "#particle", "tintindex": 0},
				"west": {"uv": [2.5, 8, 13.5, 16], "texture": "#particle", "tintindex": 0}
			}
		},
		{
			"from": [-3, 0, 8],
			"to": [19, 16, 8],
			"shade": false,
			"rotation": {"angle": -45, "axis": "y", "origin": [8, 16, 8]},
			"faces": {
				"north": {"uv": [2.5, 8, 13.5, 16], "texture": "#particle", "tintindex": 0},
				"south": {"uv": [2.5, 8, 13.5, 16], "texture": "#particle", "tintindex": 0}
			}
		}
	],
	"gui_light": "front",
	"display": {
		"thirdperson_righthand": {
			"rotation": [75, 45, 0],
			"translation": [0, 2.5, 0],
			"scale": [0.375, 0.375, 0.375]
		},
		"thirdperson_lefthand": {
			"rotation": [75, 45, 0],
			"translation": [0, 2.5, 0],
			"scale": [0.375, 0.375, 0.375]
		},
		"firstperson_righthand": {
			"rotation": [0, 145, 0],
			"scale": [0.4, 0.4, 0.4]
		},
		"firstperson_lefthand": {
			"rotation": [0, 145, 0],
			"scale": [0.4, 0.4, 0.4]
		},
		"ground": {
			"translation": [0, 3, 0],
			"scale": [0.25, 0.25, 0.25]
		},
		"gui": {
			"rotation": [0, 45, 0],
			"scale": [0.9, 1, 0.9]
		}
	}
}