{
	"format_version": "1.21.11",
	"credit": "Created by Mickey Joe Alpha - http://YouTube.com/@MushirMickeyJoe",
	"ambientocclusion": false,
	"textures": {
		"bottom": "block/cactus_bottom",
		"top": "block/cactus_top",
		"flower": "block/cactus_misc",
		"particle": "block/cactus_side"
	},
	"elements": [
		{
			"from": [0, 0, 0],
			"to": [16, 16, 16],
			"faces": {
				"up": {"uv": [0, 0, 16, 16], "texture": "#top", "cullface": "up"},
				"down": {"uv": [0, 0, 16, 16], "texture": "#bottom", "cullface": "down"}
			}
		},
		{
			"from": [0, 0, 1],
			"to": [16, 16, 15],
			"faces": {
				"north": {"uv": [0, 0, 16, 16], "texture": "#particle"},
				"south": {"uv": [0, 0, 16, 16], "texture": "#particle"}
			}
		},
		{
			"from": [1, 0, 0],
			"to": [15, 16, 16],
			"faces": {
				"east": {"uv": [0, 0, 16, 16], "texture": "#particle"},
				"west": {"uv": [0, 0, 16, 16], "texture": "#particle"}
			}
		},
		{
			"from": [6, 2, -2],
			"to": [6, 8, 1],
			"rotation": {"x": 0, "y": 0, "z": 0, "origin": [7, 3, -1]},
			"faces": {
				"west": {"uv": [6, 14, 0, 11], "rotation": 90, "texture": "#flower", "cullface": "north"}
			}
		},
		{
			"from": [10, 2, -2],
			"to": [10, 8, 1],
			"rotation": {"x": 0, "y": 0, "z": 0, "origin": [9, 3, -1]},
			"faces": {
				"east": {"uv": [6, 11, 0, 14], "rotation": 90, "texture": "#flower", "cullface": "north"}
			}
		},
		{
			"from": [5, 7, -2],
			"to": [11, 7, 1],
			"rotation": {"x": 0, "y": 0, "z": 0, "origin": [9, 3, -1]},
			"faces": {
				"up": {"uv": [0, 10, 6, 13], "texture": "#flower", "cullface": "north"}
			}
		},
		{
			"from": [5, 3, -6],
			"to": [11, 3, 1],
			"rotation": {"x": 0, "y": 0, "z": 0, "origin": [9, 7, -1]},
			"faces": {
				"down": {"uv": [0, 14, 6, 7], "texture": "#flower", "cullface": "north"}
			}
		},
		{
			"from": [6, 3, -7],
			"to": [6.001, 13, -1],
			"rotation": {"x": 0, "y": 0, "z": 0, "origin": [0, -3, -12]},
			"faces": {
				"west": {"uv": [10, 0, 16, 10], "texture": "#flower", "cullface": "north"}
			}
		},
		{
			"from": [10, 3, -7],
			"to": [10.001, 13, -1],
			"rotation": {"x": 0, "y": 0, "z": 0, "origin": [0, -3, -12]},
			"faces": {
				"east": {"uv": [16, 0, 10, 10], "texture": "#flower", "cullface": "north"}
			}
		},
		{
			"from": [6, 13, -6],
			"to": [10, 13.001, -2],
			"rotation": {"x": 0, "y": 0, "z": 0, "origin": [0, -3, -12]},
			"faces": {
				"up": {"uv": [1, 0, 5, 4], "texture": "#flower", "cullface": "north"}
			}
		},
		{
			"from": [5, 3, -6],
			"to": [11, 13, -5.999],
			"rotation": {"x": 0, "y": 0, "z": 0, "origin": [0, -3, -12]},
			"faces": {
				"north": {"uv": [0, 4, 6, 14], "texture": "#flower", "cullface": "north"}
			}
		},
		{
			"from": [5, 3, -2],
			"to": [11, 13, -1.999],
			"rotation": {"x": 0, "y": 0, "z": 0, "origin": [0, -3, -12]},
			"faces": {
				"south": {"uv": [0, 4, 6, 14], "texture": "#flower", "cullface": "north"}
			}
		}
	]
}