{
	"format_version": "1.21.11",
	"credit": "Created by Mickey Joe Alpha - http://YouTube.com/@MushirMickeyJoe",
	"ambientocclusion": false,
	"textures": {
		"bottom": "block/cactus_bottom",
		"top": "block/cactus_top",
		"flower": "block/cactus_misc",
		"particle": "block/cactus_side"
	},
	"elements": [
		{
			"from": [0, 0, 0],
			"to": [16, 16, 16],
			"faces": {
				"up": {"uv": [0, 0, 16, 16], "texture": "#top", "cullface": "up"},
				"down": {"uv": [0, 0, 16, 16], "texture": "#bottom", "cullface": "down"}
			}
		},
		{
			"from": [0, 0, 1],
			"to": [16, 16, 15],
			"faces": {
				"north": {"uv": [0, 0, 16, 16], "texture": "#particle"},
				"south": {"uv": [0, 0, 16, 16], "texture": "#particle"}
			}
		},
		{
			"from": [1, 0, 0],
			"to": [15, 16, 16],
			"faces": {
				"east": {"uv": [0, 0, 16, 16], "texture": "#particle"},
				"west": {"uv": [0, 0, 16, 16], "texture": "#particle"}
			}
		},
		{
			"from": [6, 0, -2],
			"to": [6, 6, 1],
			"rotation": {"x": 0, "y": 0, "z": 0, "origin": [7, 1, -1]},
			"faces": {
				"west": {"uv": [6, 14, 0, 11], "rotation": 90, "texture": "#flower", "cullface": "north"}
			}
		},
		{
			"from": [10, 0, -2],
			"to": [10, 6, 1],
			"rotation": {"x": 0, "y": 0, "z": 0, "origin": [9, 1, -1]},
			"faces": {
				"east": {"uv": [6, 11, 0, 14], "rotation": 90, "texture": "#flower", "cullface": "north"}
			}
		},
		{
			"from": [5, 5, -2],
			"to": [11, 5, 1],
			"rotation": {"x": 0, "y": 0, "z": 0, "origin": [9, 1, -1]},
			"faces": {
				"up": {"uv": [0, 10, 6, 13], "texture": "#flower", "cullface": "north"}
			}
		},
		{
			"from": [5, 1, -6],
			"to": [11, 1, 1],
			"rotation": {"x": 0, "y": 0, "z": 0, "origin": [9, 5, -1]},
			"faces": {
				"down": {"uv": [0, 14, 6, 7], "texture": "#flower", "cullface": "north"}
			}
		},
		{
			"from": [6, 1, -7],
			"to": [6.001, 11, -1],
			"rotation": {"x": 0, "y": 0, "z": 0, "origin": [0, -5, -12]},
			"faces": {
				"west": {"uv": [10, 0, 16, 10], "texture": "#flower", "cullface": "north"}
			}
		},
		{
			"from": [10, 1, -7],
			"to": [10.001, 11, -1],
			"rotation": {"x": 0, "y": 0, "z": 0, "origin": [0, -5, -12]},
			"faces": {
				"east": {"uv": [16, 0, 10, 10], "texture": "#flower", "cullface": "north"}
			}
		},
		{
			"from": [6, 11, -6],
			"to": [10, 11.001, -2],
			"rotation": {"x": 0, "y": 0, "z": 0, "origin": [0, -5, -12]},
			"faces": {
				"up": {"uv": [1, 0, 5, 4], "texture": "#flower", "cullface": "north"}
			}
		},
		{
			"from": [5, 1, -6],
			"to": [11, 11, -5.999],
			"rotation": {"x": 0, "y": 0, "z": 0, "origin": [0, -5, -12]},
			"faces": {
				"north": {"uv": [0, 4, 6, 14], "texture": "#flower", "cullface": "north"}
			}
		},
		{
			"from": [5, 1, -2],
			"to": [11, 11, -1.999],
			"rotation": {"x": 0, "y": 0, "z": 0, "origin": [0, -5, -12]},
			"faces": {
				"south": {"uv": [0, 4, 6, 14], "texture": "#flower", "cullface": "north"}
			}
		},
		{
			"from": [6, 4, 15],
			"to": [6, 10, 18],
			"rotation": {"x": 0, "y": 0, "z": 0, "origin": [7, 5, 17]},
			"faces": {
				"west": {"uv": [6, 11, 0, 14], "rotation": 90, "texture": "#flower", "cullface": "north"}
			}
		},
		{
			"from": [10, 4, 15],
			"to": [10, 10, 18],
			"rotation": {"x": 0, "y": 0, "z": 0, "origin": [9, 5, 17]},
			"faces": {
				"east": {"uv": [6, 14, 0, 11], "rotation": 90, "texture": "#flower", "cullface": "north"}
			}
		},
		{
			"from": [5, 9, 15],
			"to": [11, 9, 18],
			"rotation": {"x": 0, "y": 0, "z": 0, "origin": [9, 5, 17]},
			"faces": {
				"up": {"uv": [0, 13, 6, 10], "texture": "#flower", "cullface": "north"}
			}
		},
		{
			"from": [5, 5, 15],
			"to": [11, 5, 22],
			"rotation": {"x": 0, "y": 0, "z": 0, "origin": [9, 9, 17]},
			"faces": {
				"down": {"uv": [0, 7, 6, 14], "texture": "#flower", "cullface": "north"}
			}
		},
		{
			"from": [6, 5, 17],
			"to": [6.001, 15, 23],
			"rotation": {"x": 0, "y": 0, "z": 0, "origin": [0, -1, 28]},
			"faces": {
				"west": {"uv": [16, 0, 10, 10], "texture": "#flower", "cullface": "north"}
			}
		},
		{
			"from": [10, 5, 17],
			"to": [10.001, 15, 23],
			"rotation": {"x": 0, "y": 0, "z": 0, "origin": [0, -1, 28]},
			"faces": {
				"east": {"uv": [10, 0, 16, 10], "texture": "#flower", "cullface": "north"}
			}
		},
		{
			"from": [6, 15, 18],
			"to": [10, 15.001, 22],
			"rotation": {"x": 0, "y": 0, "z": 0, "origin": [0, -1, 28]},
			"faces": {
				"up": {"uv": [1, 4, 5, 0], "texture": "#flower", "cullface": "north"}
			}
		},
		{
			"from": [5, 5, 21.999],
			"to": [11, 15, 22],
			"rotation": {"x": 0, "y": 0, "z": 0, "origin": [0, -1, 28]},
			"faces": {
				"south": {"uv": [6, 4, 0, 14], "texture": "#flower", "cullface": "north"}
			}
		},
		{
			"from": [5, 5, 17.999],
			"to": [11, 15, 18],
			"rotation": {"x": 0, "y": 0, "z": 0, "origin": [0, -1, 28]},
			"faces": {
				"north": {"uv": [6, 4, 0, 14], "texture": "#flower", "cullface": "north"}
			}
		}
	]
}