{
	"credit": "Created by Mickey Joe Alpha - http://YouTube.com/@MushirMickeyJoe",
	"parent": "block/block",
	"textures": {
		"amethyst": "block/calibrated_sculk_sensor_amethyst",
		"bottom": "block/calibrated_sculk_sensor_bottom_0",
		"side": "block/sculk_sensor_side",
		"particle": "block/calibrated_sculk_sensor_input_side",
		"top": "block/calibrated_sculk_sensor_top"
	},
	"elements": [
		{
			"from": [0, 0, 0],
			"to": [16, 8, 16],
			"faces": {
				"north": {"uv": [0, 8, 16, 16], "texture": "#side", "cullface": "north"},
				"east": {"uv": [0, 8, 16, 16], "texture": "#side", "cullface": "east"},
				"south": {"uv": [0, 8, 16, 16], "texture": "#particle", "cullface": "south"},
				"west": {"uv": [0, 8, 16, 16], "texture": "#side", "cullface": "west"},
				"up": {"uv": [0, 0, 16, 16], "texture": "#top"},
				"down": {"uv": [16, 0, 0, 16], "rotation": 180, "texture": "#bottom", "cullface": "down"}
			}
		},
		{
			"from": [8, 8, 0],
			"to": [8, 20, 16],
			"shade": false,
			"rotation": {"angle": 45, "axis": "y", "origin": [8, 9, 8]},
			"faces": {
				"east": {"uv": [0, 4, 16, 16], "texture": "#amethyst"},
				"west": {"uv": [0, 4, 16, 16], "texture": "#amethyst"}
			}
		},
		{
			"from": [0, 8, 8],
			"to": [16, 20, 8],
			"shade": false,
			"rotation": {"angle": 45, "axis": "y", "origin": [8, 9, 8]},
			"faces": {
				"north": {"uv": [0, 4, 16, 16], "texture": "#amethyst"},
				"south": {"uv": [0, 4, 16, 16], "texture": "#amethyst"}
			}
		}
	],
	"gui_light": "front",
	"display": {
		"thirdperson_lefthand": {
			"rotation": [75, -45, 0],
			"translation": [0, 2.5, 0],
			"scale": [0.375, 0.375, 0.375]
		},
		"gui": {
			"rotation": [30, 45, 0],
			"scale": [0.625, 0.625, 0.625]
		},
		"head": {
			"rotation": [0, -180, 0]
		}
	}
}