{
	"credit": "Created by Mickey Joe Alpha - http://YouTube.com/@MushirMickeyJoe",
	"ambientocclusion": false,
	"textures": {
		"particle": "block/carrots_1"
	},
	"elements": [
		{
			"from": [2.5, -1, 2.5],
			"to": [5.5, 0, 5.5],
			"faces": {
				"north": {"uv": [3, 2, 6, 3], "texture": "#particle"},
				"east": {"uv": [3, 2, 6, 3], "texture": "#particle"},
				"south": {"uv": [3, 2, 6, 3], "texture": "#particle"},
				"west": {"uv": [3, 2, 6, 3], "texture": "#particle"},
				"up": {"uv": [0, 0, 3, 3], "rotation": 180, "texture": "#particle"}
			}
		},
		{
			"from": [10.5, -1, 5.5],
			"to": [13.5, 0, 8.5],
			"faces": {
				"north": {"uv": [3, 2, 6, 3], "texture": "#particle"},
				"east": {"uv": [3, 2, 6, 3], "texture": "#particle"},
				"south": {"uv": [3, 2, 6, 3], "texture": "#particle"},
				"west": {"uv": [3, 2, 6, 3], "texture": "#particle"},
				"up": {"uv": [0, 0, 3, 3], "rotation": 180, "texture": "#particle"}
			}
		},
		{
			"from": [4.5, -1, 10.5],
			"to": [7.5, 0, 13.5],
			"faces": {
				"north": {"uv": [3, 2, 6, 3], "texture": "#particle"},
				"east": {"uv": [3, 2, 6, 3], "texture": "#particle"},
				"south": {"uv": [3, 2, 6, 3], "texture": "#particle"},
				"west": {"uv": [3, 2, 6, 3], "texture": "#particle"},
				"up": {"uv": [0, 0, 3, 3], "rotation": 180, "texture": "#particle"}
			}
		},
		{
			"from": [1.5, 0, 1.5],
			"to": [8.5, 9, 1.501],
			"shade": false,
			"rotation": {"angle": -45, "axis": "y", "origin": [1.5, 0, 1.5]},
			"faces": {
				"north": {"uv": [7, 7, 14, 16], "texture": "#particle"},
				"south": {"uv": [7, 7, 14, 16], "texture": "#particle"}
			}
		},
		{
			"from": [5, 0, -2],
			"to": [5.001, 9, 5],
			"shade": false,
			"rotation": {"angle": -45, "axis": "y", "origin": [1.5, 0, 1.5]},
			"faces": {
				"east": {"uv": [7, 7, 14, 16], "texture": "#particle"},
				"west": {"uv": [7, 7, 14, 16], "texture": "#particle"}
			}
		},
		{
			"from": [9.5, 0, 4.5],
			"to": [16.5, 9, 4.501],
			"shade": false,
			"rotation": {"angle": -45, "axis": "y", "origin": [9.5, 0, 4.5]},
			"faces": {
				"north": {"uv": [7, 7, 14, 16], "texture": "#particle"},
				"south": {"uv": [7, 7, 14, 16], "texture": "#particle"}
			}
		},
		{
			"from": [13, 0, 1],
			"to": [13.001, 9, 8],
			"shade": false,
			"rotation": {"angle": -45, "axis": "y", "origin": [9.5, 0, 4.5]},
			"faces": {
				"east": {"uv": [7, 7, 14, 16], "texture": "#particle"},
				"west": {"uv": [7, 7, 14, 16], "texture": "#particle"}
			}
		},
		{
			"from": [3.5, 0, 9.5],
			"to": [10.5, 9, 9.501],
			"shade": false,
			"rotation": {"angle": -45, "axis": "y", "origin": [3.5, 0, 9.5]},
			"faces": {
				"north": {"uv": [7, 7, 14, 16], "texture": "#particle"},
				"south": {"uv": [7, 7, 14, 16], "texture": "#particle"}
			}
		},
		{
			"from": [7, 0, 6],
			"to": [7.001, 9, 13],
			"shade": false,
			"rotation": {"angle": -45, "axis": "y", "origin": [3.5, 0, 9.5]},
			"faces": {
				"east": {"uv": [7, 7, 14, 16], "texture": "#particle"},
				"west": {"uv": [7, 7, 14, 16], "texture": "#particle"}
			}
		}
	]
}