{
	"credit": "Created by Mickey Joe Alpha - http://YouTube.com/@MushirMickeyJoe",
	"ambientocclusion": false,
	"textures": {
		"particle": "block/carrots_2"
	},
	"elements": [
		{
			"from": [2, -1, 2],
			"to": [6, 1, 6],
			"faces": {
				"north": {"uv": [12, 2, 16, 4], "texture": "#particle"},
				"east": {"uv": [12, 2, 16, 4], "texture": "#particle"},
				"south": {"uv": [12, 2, 16, 4], "texture": "#particle"},
				"west": {"uv": [12, 2, 16, 4], "texture": "#particle"},
				"up": {"uv": [8, 0, 12, 4], "rotation": 180, "texture": "#particle"}
			}
		},
		{
			"from": [10.125, -1, 4.875],
			"to": [14.125, 1, 8.875],
			"faces": {
				"north": {"uv": [12, 2, 16, 4], "texture": "#particle"},
				"east": {"uv": [12, 2, 16, 4], "texture": "#particle"},
				"south": {"uv": [12, 2, 16, 4], "texture": "#particle"},
				"west": {"uv": [12, 2, 16, 4], "texture": "#particle"},
				"up": {"uv": [8, 0, 12, 4], "rotation": 180, "texture": "#particle"}
			}
		},
		{
			"from": [4.125, -1, 9.875],
			"to": [8.125, 1, 13.875],
			"faces": {
				"north": {"uv": [12, 2, 16, 4], "texture": "#particle"},
				"east": {"uv": [12, 2, 16, 4], "texture": "#particle"},
				"south": {"uv": [12, 2, 16, 4], "texture": "#particle"},
				"west": {"uv": [12, 2, 16, 4], "texture": "#particle"},
				"up": {"uv": [8, 0, 12, 4], "rotation": 180, "texture": "#particle"}
			}
		},
		{
			"from": [2.875, 1, 5.125],
			"to": [10.875, 12, 5.126],
			"shade": false,
			"rotation": {"angle": -45, "axis": "y", "origin": [6.875, 1, 1.125]},
			"faces": {
				"north": {"uv": [0, 1, 8, 12], "texture": "#particle"},
				"south": {"uv": [0, 1, 8, 12], "texture": "#particle"}
			}
		},
		{
			"from": [6.875, 1, 1.125],
			"to": [6.876, 12, 9.125],
			"shade": false,
			"rotation": {"angle": -45, "axis": "y", "origin": [6.875, 1, 1.125]},
			"faces": {
				"east": {"uv": [0, 1, 8, 12], "texture": "#particle"},
				"west": {"uv": [0, 1, 8, 12], "texture": "#particle"}
			}
		},
		{
			"from": [11, 1, 8],
			"to": [19, 12, 8.001],
			"shade": false,
			"rotation": {"angle": -45, "axis": "y", "origin": [15, 1, 4]},
			"faces": {
				"north": {"uv": [0, 1, 8, 12], "texture": "#particle"},
				"south": {"uv": [0, 1, 8, 12], "texture": "#particle"}
			}
		},
		{
			"from": [15, 1, 4],
			"to": [15.001, 12, 12],
			"shade": false,
			"rotation": {"angle": -45, "axis": "y", "origin": [15, 1, 4]},
			"faces": {
				"east": {"uv": [0, 1, 8, 12], "texture": "#particle"},
				"west": {"uv": [0, 1, 8, 12], "texture": "#particle"}
			}
		},
		{
			"from": [5, 1, 13],
			"to": [13, 12, 13.001],
			"shade": false,
			"rotation": {"angle": -45, "axis": "y", "origin": [9, 1, 9]},
			"faces": {
				"north": {"uv": [0, 1, 8, 12], "texture": "#particle"},
				"south": {"uv": [0, 1, 8, 12], "texture": "#particle"}
			}
		},
		{
			"from": [9, 1, 9],
			"to": [9.001, 12, 17],
			"shade": false,
			"rotation": {"angle": -45, "axis": "y", "origin": [9, 1, 9]},
			"faces": {
				"east": {"uv": [0, 1, 8, 12], "texture": "#particle"},
				"west": {"uv": [0, 1, 8, 12], "texture": "#particle"}
			}
		}
	]
}