{
	"format_version": "1.21.6",
	"credit": "Created by Mickey Joe Alpha - http://YouTube.com/@MushirMickeyJoe",
	"parent": "block/block",
	"textures": {
		"particle": "block/pumpkin_bottom",
		"inside": "block/carved_pumpkin_inside_0"
	},
	"elements": [
		{
			"from": [0, 0, 0],
			"to": [16, 0.001, 16],
			"shade": false,
			"faces": {
				"up": {"uv": [0, 0, 16, 16], "texture": "#inside"}
			}
		},
		{
			"from": [0, 0, 0],
			"to": [16, 0.001, 16],
			"faces": {
				"down": {"uv": [0, 0, 16, 16], "texture": "#particle", "cullface": "down"}
			}
		}
	]
}