{
	"credit": "Created by Mickey Joe Alpha - http://YouTube.com/@MushirMickeyJoe",
	"parent": "block/block",
	"textures": {
		"top": "block/cauldron_top",
		"bottom": "block/cauldron_bottom",
		"particle": "block/cauldron_side"
	},
	"elements": [
		{
			"from": [0, 3, 0],
			"to": [2, 16, 16],
			"faces": {
				"north": {"uv": [14, 0, 16, 13], "texture": "#particle", "cullface": "north"},
				"east": {"uv": [0, 0, 16, 13], "texture": "#particle", "cullface": "up"},
				"south": {"uv": [0, 0, 2, 13], "texture": "#particle", "cullface": "south"},
				"west": {"uv": [0, 0, 16, 13], "texture": "#particle", "cullface": "west"},
				"up": {"uv": [0, 0, 2, 16], "texture": "#top", "cullface": "up"},
				"down": {"uv": [0, 0, 2, 16], "texture": "#bottom"}
			}
		},
		{
			"from": [2, 3, 2],
			"to": [14, 4, 14],
			"faces": {
				"up": {"uv": [2, 2, 14, 14], "texture": "#bottom", "cullface": "up"},
				"down": {"uv": [2, 2, 14, 14], "texture": "#bottom"}
			}
		},
		{
			"from": [14, 3, 0],
			"to": [16, 16, 16],
			"faces": {
				"north": {"uv": [0, 0, 2, 13], "texture": "#particle", "cullface": "north"},
				"east": {"uv": [0, 0, 16, 13], "texture": "#particle", "cullface": "east"},
				"south": {"uv": [14, 0, 16, 13], "texture": "#particle", "cullface": "south"},
				"west": {"uv": [0, 0, 16, 13], "texture": "#particle", "cullface": "up"},
				"up": {"uv": [14, 0, 16, 16], "texture": "#top", "cullface": "up"},
				"down": {"uv": [14, 0, 16, 16], "texture": "#bottom"}
			}
		},
		{
			"from": [2, 3, 0],
			"to": [14, 16, 2],
			"faces": {
				"north": {"uv": [2, 0, 14, 13], "texture": "#particle", "cullface": "north"},
				"south": {"uv": [2, 0, 14, 13], "texture": "#particle", "cullface": "up"},
				"up": {"uv": [2, 0, 14, 2], "texture": "#top", "cullface": "up"},
				"down": {"uv": [2, 14, 14, 16], "texture": "#bottom"}
			}
		},
		{
			"from": [2, 3, 14],
			"to": [14, 16, 16],
			"faces": {
				"north": {"uv": [2, 0, 14, 13], "texture": "#particle", "cullface": "up"},
				"south": {"uv": [2, 0, 14, 13], "texture": "#particle", "cullface": "south"},
				"up": {"uv": [2, 14, 14, 16], "texture": "#top", "cullface": "up"},
				"down": {"uv": [2, 0, 14, 2], "texture": "#bottom"}
			}
		},
		{
			"from": [0, 0, 0],
			"to": [4, 3, 4],
			"faces": {
				"north": {"uv": [12, 13, 16, 16], "texture": "#particle", "cullface": "north"},
				"east": {"uv": [16, 13, 12, 16], "texture": "#particle"},
				"south": {"uv": [4, 13, 0, 16], "texture": "#particle"},
				"west": {"uv": [0, 13, 4, 16], "texture": "#particle", "cullface": "west"},
				"down": {"uv": [2, 2, 6, 6], "texture": "#top", "cullface": "down"}
			}
		},
		{
			"from": [12, 0, 0],
			"to": [16, 3, 4],
			"faces": {
				"north": {"uv": [0, 13, 4, 16], "texture": "#particle", "cullface": "north"},
				"east": {"uv": [12, 13, 16, 16], "texture": "#particle", "cullface": "east"},
				"south": {"uv": [16, 13, 12, 16], "texture": "#particle"},
				"west": {"uv": [4, 13, 0, 16], "texture": "#particle"},
				"down": {"uv": [2, 2, 6, 6], "rotation": 270, "texture": "#top", "cullface": "down"}
			}
		},
		{
			"from": [0, 0, 12],
			"to": [4, 3, 16],
			"faces": {
				"north": {"uv": [16, 13, 12, 16], "texture": "#particle"},
				"east": {"uv": [4, 13, 0, 16], "texture": "#particle"},
				"south": {"uv": [0, 13, 4, 16], "texture": "#particle", "cullface": "south"},
				"west": {"uv": [12, 13, 16, 16], "texture": "#particle", "cullface": "west"},
				"down": {"uv": [2, 2, 6, 6], "rotation": 90, "texture": "#top", "cullface": "down"}
			}
		},
		{
			"from": [12, 0, 12],
			"to": [16, 3, 16],
			"faces": {
				"north": {"uv": [4, 13, 0, 16], "texture": "#particle"},
				"east": {"uv": [0, 13, 4, 16], "texture": "#particle", "cullface": "east"},
				"south": {"uv": [12, 13, 16, 16], "texture": "#particle", "cullface": "south"},
				"west": {"uv": [16, 13, 12, 16], "texture": "#particle"},
				"down": {"uv": [2, 2, 6, 6], "rotation": 180, "texture": "#top", "cullface": "down"}
			}
		}
	]
}