{
    "credit": "Created by Mickey Joe Alpha - http://YouTube.com/@MushirMickeyJoe",
	"ambientocclusion": false,
	"textures": {
		"particle": "block/cocoa_stage2",
		"cocoa": "block/cocoa_stage2"
	},
	"elements": [
		{
			"from": [4, 4.35, 6.25],
			"to": [12, 13.35, 14.25],
			"rotation": {"angle": 22.5, "axis": "x", "origin": [8, 8.85, 10.25]},
			"faces": {
				"north": {"uv": [8, 4, 16, 13], "texture": "#cocoa"},
				"east": {"uv": [8, 4, 16, 13], "texture": "#cocoa"},
				"south": {"uv": [8, 4, 16, 13], "texture": "#cocoa"},
				"west": {"uv": [8, 4, 16, 13], "texture": "#cocoa"},
				"up": {"uv": [0, 0, 8, 8], "texture": "#cocoa"},
				"down": {"uv": [0, 0, 8, 8], "texture": "#cocoa"}
			}
		},
		{
			"from": [8, 12, 12],
			"to": [8, 16, 16],
			"faces": {
				"east": {"uv": [16, 0, 12, 4], "texture": "#cocoa"},
				"west": {"uv": [12, 0, 16, 4], "texture": "#cocoa"}
			}
		}
	]
}