{
    "credit": "Created by Mickey Joe Alpha - http://YouTube.com/@MushirMickeyJoe",
	"ambientocclusion": false,
	"textures": {
		"particle": "block/cocoa_stage1",
		"cocoa": "block/cocoa_stage1"
	},
	"elements": [
		{
			"from": [5, 5.925, 8.5],
			"to": [11, 12.925, 14.5],
			"rotation": {"angle": 22.5, "axis": "x", "origin": [8, 9.425, 11.5]},
			"faces": {
				"north": {"uv": [9, 4, 15, 11], "texture": "#cocoa"},
				"east": {"uv": [9, 4, 15, 11], "texture": "#cocoa"},
				"south": {"uv": [9, 4, 15, 11], "texture": "#cocoa"},
				"west": {"uv": [9, 4, 15, 11], "texture": "#cocoa"},
				"up": {"uv": [0, 0, 6, 6], "texture": "#cocoa"},
				"down": {"uv": [0, 0, 6, 6], "texture": "#cocoa"}
			}
		},
		{
			"from": [8, 12, 12],
			"to": [8, 16, 16],
			"faces": {
				"east": {"uv": [16, 0, 12, 4], "texture": "#cocoa"},
				"west": {"uv": [12, 0, 16, 4], "texture": "#cocoa"}
			}
		}
	]
}