{
	"credit": "Created by Mickey Joe Alpha - http://YouTube.com/@MushirMickeyJoe",
	"textures": {
		"particle": "block/composter_side",
		"inside": "block/composter_compost"
	},
	"elements": [
		{
			"from": [1, 0, 1],
			"to": [15, 15, 15],
			"faces": {
				"north": {"uv": [1, 1, 15, 16], "texture": "#particle"},
				"east": {"uv": [1, 1, 15, 16], "texture": "#particle"},
				"south": {"uv": [1, 1, 15, 16], "texture": "#particle"},
				"west": {"uv": [1, 1, 15, 16], "texture": "#particle"},
				"up": {"uv": [1, 1, 15, 15], "texture": "#inside"}
			}
		}
	]
}