{
	"credit": "Created by Mickey Joe Alpha - http://YouTube.com/@MushirMickeyJoe",
	"parent": "block/block",
	"textures": {
		"top": "block/composter_top",
		"bottom": "block/composter_bottom",
		"particle": "block/composter_side"
	},
	"elements": [
		{
			"from": [0, 0, 0],
			"to": [16, 3, 16],
			"faces": {
				"north": {"uv": [0, 13, 16, 16], "texture": "#particle", "cullface": "north"},
				"east": {"uv": [0, 13, 16, 16], "texture": "#particle", "cullface": "east"},
				"south": {"uv": [0, 13, 16, 16], "texture": "#particle", "cullface": "south"},
				"west": {"uv": [0, 13, 16, 16], "texture": "#particle", "cullface": "west"},
				"up": {"uv": [0, 0, 16, 16], "texture": "#bottom"},
				"down": {"uv": [0, 0, 16, 16], "texture": "#bottom", "cullface": "down"}
			}
		},
		{
			"from": [0, 3, 0],
			"to": [3, 16, 3],
			"rotation": {"angle": 0, "axis": "y", "origin": [0, 3, 0]},
			"faces": {
				"north": {"uv": [13, 0, 16, 13], "texture": "#particle", "cullface": "north"},
				"east": {"uv": [14, 4, 1, 1], "rotation": 90, "texture": "#particle"},
				"south": {"uv": [1, 1, 14, 4], "rotation": 90, "texture": "#particle"},
				"west": {"uv": [0, 0, 3, 13], "texture": "#particle", "cullface": "west"}
			}
		},
		{
			"from": [13, 16, 13],
			"to": [16, 17, 16],
			"rotation": {"angle": 0, "axis": "y", "origin": [13, 16, 13]},
			"faces": {
				"north": {"uv": [13, 15, 16, 16], "texture": "#top", "cullface": "up"},
				"east": {"uv": [13, 16, 14, 13], "rotation": 90, "texture": "#top", "cullface": "up"},
				"south": {"uv": [16, 13, 13, 14], "texture": "#top", "cullface": "up"},
				"west": {"uv": [15, 13, 16, 16], "rotation": 90, "texture": "#top", "cullface": "up"},
				"up": {"uv": [13, 13, 16, 16], "rotation": 180, "texture": "#top", "cullface": "up"}
			}
		},
		{
			"from": [0, 16, 13],
			"to": [3, 17, 16],
			"rotation": {"angle": 0, "axis": "y", "origin": [0, 16, 13]},
			"faces": {
				"north": {"uv": [0, 15, 3, 16], "texture": "#top", "cullface": "up"},
				"east": {"uv": [0, 16, 1, 13], "rotation": 90, "texture": "#top", "cullface": "up"},
				"south": {"uv": [3, 13, 0, 14], "texture": "#top", "cullface": "up"},
				"west": {"uv": [2, 13, 3, 16], "rotation": 90, "texture": "#top", "cullface": "up"},
				"up": {"uv": [0, 13, 3, 16], "rotation": 180, "texture": "#top", "cullface": "up"}
			}
		},
		{
			"from": [13, 16, 0],
			"to": [16, 17, 3],
			"rotation": {"angle": 0, "axis": "y", "origin": [13, 16, 0]},
			"faces": {
				"north": {"uv": [13, 2, 16, 3], "texture": "#top", "cullface": "up"},
				"east": {"uv": [13, 3, 14, 0], "rotation": 90, "texture": "#top", "cullface": "up"},
				"south": {"uv": [16, 0, 13, 1], "texture": "#top", "cullface": "up"},
				"west": {"uv": [15, 0, 16, 3], "rotation": 90, "texture": "#top", "cullface": "up"},
				"up": {"uv": [13, 0, 16, 3], "rotation": 180, "texture": "#top", "cullface": "up"}
			}
		},
		{
			"from": [0, 16, 0],
			"to": [3, 17, 3],
			"rotation": {"angle": 0, "axis": "y", "origin": [0, 16, 0]},
			"faces": {
				"north": {"uv": [0, 2, 3, 3], "texture": "#top", "cullface": "up"},
				"east": {"uv": [0, 3, 1, 0], "rotation": 90, "texture": "#top", "cullface": "up"},
				"south": {"uv": [3, 0, 0, 1], "texture": "#top", "cullface": "up"},
				"west": {"uv": [2, 0, 3, 3], "rotation": 90, "texture": "#top", "cullface": "up"},
				"up": {"uv": [0, 0, 3, 3], "rotation": 180, "texture": "#top", "cullface": "up"}
			}
		},
		{
			"from": [13, 3, 0],
			"to": [16, 16, 3],
			"rotation": {"angle": 0, "axis": "y", "origin": [13, 3, 0]},
			"faces": {
				"north": {"uv": [0, 0, 3, 13], "texture": "#particle", "cullface": "north"},
				"east": {"uv": [13, 0, 16, 13], "texture": "#particle", "cullface": "east"},
				"south": {"uv": [2, 4, 15, 1], "rotation": 90, "texture": "#particle"},
				"west": {"uv": [14, 1, 1, 4], "rotation": 90, "texture": "#particle"}
			}
		},
		{
			"from": [3, 4, 0],
			"to": [13, 7, 2],
			"rotation": {"angle": 0, "axis": "y", "origin": [10, 3, 0]},
			"faces": {
				"north": {"uv": [3, 9, 13, 12], "texture": "#particle", "cullface": "north"},
				"south": {"uv": [3, 9, 13, 12], "texture": "#particle"},
				"up": {"uv": [13, 9, 3, 11], "texture": "#particle"},
				"down": {"uv": [13, 10, 3, 12], "texture": "#particle"}
			}
		},
		{
			"from": [3, 8, 0],
			"to": [13, 11, 2],
			"rotation": {"angle": 0, "axis": "y", "origin": [10, 7, 0]},
			"faces": {
				"north": {"uv": [3, 5, 13, 8], "texture": "#particle", "cullface": "north"},
				"south": {"uv": [3, 5, 13, 8], "texture": "#particle"},
				"up": {"uv": [13, 5, 3, 7], "texture": "#particle"},
				"down": {"uv": [13, 6, 3, 8], "texture": "#particle"}
			}
		},
		{
			"from": [3, 12, 0],
			"to": [13, 16, 2],
			"rotation": {"angle": 0, "axis": "y", "origin": [10, 12, 0]},
			"faces": {
				"north": {"uv": [3, 0, 13, 4], "texture": "#particle", "cullface": "north"},
				"south": {"uv": [3, 0, 13, 4], "texture": "#particle"},
				"up": {"uv": [13, 0, 3, 2], "texture": "#top"},
				"down": {"uv": [13, 2, 3, 4], "texture": "#particle"}
			}
		},
		{
			"from": [0, 3, 13],
			"to": [3, 16, 16],
			"rotation": {"angle": 0, "axis": "y", "origin": [0, 3, 13]},
			"faces": {
				"north": {"uv": [2, 4, 15, 1], "rotation": 90, "texture": "#particle"},
				"east": {"uv": [14, 1, 1, 4], "rotation": 90, "texture": "#particle"},
				"south": {"uv": [0, 0, 3, 13], "texture": "#particle", "cullface": "south"},
				"west": {"uv": [13, 0, 16, 13], "texture": "#particle", "cullface": "west"}
			}
		},
		{
			"from": [13, 3, 13],
			"to": [16, 16, 16],
			"rotation": {"angle": 0, "axis": "y", "origin": [13, 3, 13]},
			"faces": {
				"north": {"uv": [14, 1, 1, 4], "rotation": 90, "texture": "#particle"},
				"east": {"uv": [0, 0, 3, 13], "texture": "#particle", "cullface": "east"},
				"south": {"uv": [13, 0, 16, 13], "texture": "#particle", "cullface": "south"},
				"west": {"uv": [2, 4, 15, 1], "rotation": 90, "texture": "#particle"}
			}
		},
		{
			"from": [14, 4, 3],
			"to": [16, 7, 13],
			"rotation": {"angle": 0, "axis": "y", "origin": [8, 12, 8]},
			"faces": {
				"east": {"uv": [3, 9, 13, 12], "texture": "#particle", "cullface": "east"},
				"west": {"uv": [3, 9, 13, 12], "texture": "#particle"},
				"up": {"uv": [13, 9, 3, 11], "rotation": 90, "texture": "#particle"},
				"down": {"uv": [13, 10, 3, 12], "rotation": 270, "texture": "#particle"}
			}
		},
		{
			"from": [14, 8, 3],
			"to": [16, 11, 13],
			"rotation": {"angle": 0, "axis": "y", "origin": [8, 12, 8]},
			"faces": {
				"east": {"uv": [3, 5, 13, 8], "texture": "#particle", "cullface": "east"},
				"west": {"uv": [3, 5, 13, 8], "texture": "#particle"},
				"up": {"uv": [13, 5, 3, 7], "rotation": 90, "texture": "#particle"},
				"down": {"uv": [13, 6, 3, 8], "rotation": 270, "texture": "#particle"}
			}
		},
		{
			"from": [14, 12, 3],
			"to": [16, 16, 13],
			"rotation": {"angle": 0, "axis": "y", "origin": [8, 12, 8]},
			"faces": {
				"east": {"uv": [3, 0, 13, 4], "texture": "#particle", "cullface": "east"},
				"west": {"uv": [3, 0, 13, 4], "texture": "#particle"},
				"up": {"uv": [13, 0, 3, 2], "rotation": 90, "texture": "#top"},
				"down": {"uv": [13, 2, 3, 4], "rotation": 270, "texture": "#particle"}
			}
		},
		{
			"from": [3, 12, 14],
			"to": [13, 16, 16],
			"rotation": {"angle": 0, "axis": "y", "origin": [8, 12, 8]},
			"faces": {
				"north": {"uv": [3, 0, 13, 4], "texture": "#particle"},
				"south": {"uv": [3, 0, 13, 4], "texture": "#particle", "cullface": "south"},
				"up": {"uv": [13, 0, 3, 2], "rotation": 180, "texture": "#top"},
				"down": {"uv": [13, 2, 3, 4], "rotation": 180, "texture": "#particle"}
			}
		},
		{
			"from": [3, 4, 14],
			"to": [13, 7, 16],
			"rotation": {"angle": 0, "axis": "y", "origin": [8, 12, 8]},
			"faces": {
				"north": {"uv": [3, 9, 13, 12], "texture": "#particle"},
				"south": {"uv": [3, 9, 13, 12], "texture": "#particle", "cullface": "south"},
				"up": {"uv": [13, 9, 3, 11], "rotation": 180, "texture": "#particle"},
				"down": {"uv": [13, 10, 3, 12], "rotation": 180, "texture": "#particle"}
			}
		},
		{
			"from": [3, 8, 14],
			"to": [13, 11, 16],
			"rotation": {"angle": 0, "axis": "y", "origin": [8, 12, 8]},
			"faces": {
				"north": {"uv": [3, 5, 13, 8], "texture": "#particle"},
				"south": {"uv": [3, 5, 13, 8], "texture": "#particle", "cullface": "south"},
				"up": {"uv": [13, 5, 3, 7], "rotation": 180, "texture": "#particle"},
				"down": {"uv": [13, 6, 3, 8], "rotation": 180, "texture": "#particle"}
			}
		},
		{
			"from": [0, 8, 3],
			"to": [2, 11, 13],
			"rotation": {"angle": 0, "axis": "y", "origin": [8, 12, 8]},
			"faces": {
				"east": {"uv": [3, 5, 13, 8], "texture": "#particle"},
				"west": {"uv": [3, 5, 13, 8], "texture": "#particle", "cullface": "west"},
				"up": {"uv": [13, 5, 3, 7], "rotation": 270, "texture": "#particle"},
				"down": {"uv": [13, 6, 3, 8], "rotation": 90, "texture": "#particle"}
			}
		},
		{
			"from": [0, 12, 3],
			"to": [2, 16, 13],
			"rotation": {"angle": 0, "axis": "y", "origin": [8, 12, 8]},
			"faces": {
				"east": {"uv": [3, 0, 13, 4], "texture": "#particle"},
				"west": {"uv": [3, 0, 13, 4], "texture": "#particle", "cullface": "west"},
				"up": {"uv": [13, 0, 3, 2], "rotation": 270, "texture": "#top"},
				"down": {"uv": [13, 2, 3, 4], "rotation": 90, "texture": "#particle"}
			}
		},
		{
			"from": [0, 4, 3],
			"to": [2, 7, 13],
			"rotation": {"angle": 0, "axis": "y", "origin": [8, 12, 8]},
			"faces": {
				"east": {"uv": [3, 9, 13, 12], "texture": "#particle"},
				"west": {"uv": [3, 9, 13, 12], "texture": "#particle", "cullface": "west"},
				"up": {"uv": [13, 9, 3, 11], "rotation": 270, "texture": "#particle"},
				"down": {"uv": [13, 10, 3, 12], "rotation": 90, "texture": "#particle"}
			}
		},
		{
			"from": [15, 12, 15],
			"to": [1, 3, 1],
			"rotation": {"angle": 0, "axis": "y", "origin": [16, 12, 17]},
			"faces": {
				"north": {"uv": [1, 0, 15, 1], "texture": "#top"},
				"east": {"uv": [1, 0, 15, 1], "texture": "#top"},
				"south": {"uv": [1, 0, 15, 1], "texture": "#top"},
				"west": {"uv": [1, 0, 15, 1], "texture": "#top"}
			}
		}
	]
}