{
	"credit": "Created by Mickey Joe Alpha - http://YouTube.com/@MushirMickeyJoe",
	"textures": {
		"particle": "block/composter_compost",
		"inside": "block/composter_compost"
	},
	"elements": [
		{
			"from": [1, 0, 1],
			"to": [15, 7, 15],
			"faces": {
				"north": {"uv": [1, 9, 15, 16], "texture": "#particle"},
				"east": {"uv": [1, 9, 15, 16], "texture": "#particle"},
				"south": {"uv": [1, 9, 15, 16], "texture": "#particle"},
				"west": {"uv": [1, 9, 15, 16], "texture": "#particle"}
			}
		},
		{
			"from": [2, 7, 2],
			"to": [14, 7, 14],
			"faces": {
				"up": {"uv": [2, 2, 14, 14], "texture": "#inside"}
			}
		}
	]
}