{
	"credit": "Created by Mickey Joe Alpha - http://YouTube.com/@MushirMickeyJoe",
	"parent": "block/block",
	"textures": {
		"side": "block/crafting_table_side",
		"front": "block/crafting_table_front",
		"bottom": "block/crafting_table_bottom",
		"top": "block/crafting_table_top",
		"particle": "block/crafting_table_insides",
		"misc": "block/crafting_table_insides"
	},
	"elements": [
		{
			"from": [0, 0, 0],
			"to": [16, 2, 16],
			"faces": {
				"north": {"uv": [0, 14, 16, 16], "texture": "#side", "cullface": "north"},
				"east": {"uv": [0, 14, 16, 16], "texture": "#side", "cullface": "east"},
				"south": {"uv": [0, 14, 16, 16], "texture": "#side", "cullface": "south"},
				"west": {"uv": [0, 14, 16, 16], "texture": "#side", "cullface": "west"},
				"up": {"uv": [0, 0, 16, 16], "rotation": 180, "texture": "#bottom"},
				"down": {"uv": [0, 0, 16, 16], "texture": "#bottom", "cullface": "down"}
			}
		},
		{
			"from": [0, 13, 0],
			"to": [16, 16, 16],
			"faces": {
				"north": {"uv": [0, 0, 16, 3], "texture": "#side", "cullface": "north"},
				"east": {"uv": [0, 0, 16, 3], "texture": "#side", "cullface": "east"},
				"south": {"uv": [0, 0, 16, 3], "texture": "#side", "cullface": "south"},
				"west": {"uv": [0, 0, 16, 3], "texture": "#side", "cullface": "west"},
				"up": {"uv": [0, 0, 16, 16], "texture": "#top", "cullface": "up"},
				"down": {"uv": [0, 0, 16, 16], "texture": "#bottom"}
			}
		},
		{
			"from": [14, 2, 14],
			"to": [16, 13, 16],
			"faces": {
				"north": {"uv": [4, 5, 2, 16], "texture": "#misc", "cullface": "east"},
				"east": {"uv": [0, 3, 2, 14], "texture": "#side", "cullface": "east"},
				"south": {"uv": [14, 3, 16, 14], "texture": "#side", "cullface": "south"},
				"west": {"uv": [2, 5, 4, 16], "texture": "#misc", "cullface": "south"}
			}
		},
		{
			"from": [0, 2, 14],
			"to": [2, 13, 16],
			"rotation": {"angle": 0, "axis": "y", "origin": [-14, 0, 0]},
			"faces": {
				"north": {"uv": [2, 5, 4, 16], "texture": "#misc", "cullface": "west"},
				"east": {"uv": [4, 5, 2, 16], "texture": "#misc", "cullface": "south"},
				"south": {"uv": [0, 3, 2, 14], "texture": "#side", "cullface": "south"},
				"west": {"uv": [14, 3, 16, 14], "texture": "#side", "cullface": "west"}
			}
		},
		{
			"from": [14, 2, 0],
			"to": [16, 13, 2],
			"rotation": {"angle": 0, "axis": "z", "origin": [0, 0, -14]},
			"faces": {
				"north": {"uv": [0, 3, 2, 14], "texture": "#side", "cullface": "north"},
				"east": {"uv": [14, 3, 16, 14], "texture": "#side", "cullface": "east"},
				"south": {"uv": [2, 5, 4, 16], "texture": "#misc", "cullface": "east"},
				"west": {"uv": [4, 5, 2, 16], "texture": "#misc", "cullface": "north"}
			}
		},
		{
			"from": [0, 2, 7],
			"to": [16, 13, 9],
			"rotation": {"angle": 0, "axis": "y", "origin": [0, 0, -7]},
			"faces": {
				"north": {"uv": [0, 5, 16, 16], "texture": "#misc"},
				"east": {"uv": [7, 3, 9, 14], "texture": "#side", "cullface": "east"},
				"south": {"uv": [0, 5, 16, 16], "texture": "#misc"},
				"west": {"uv": [7, 3, 9, 14], "texture": "#side", "cullface": "west"}
			}
		},
		{
			"from": [7, 2, 0],
			"to": [9, 13, 16],
			"rotation": {"angle": 0, "axis": "y", "origin": [8, 7.5, 8]},
			"faces": {
				"north": {"uv": [7, 3, 9, 14], "texture": "#side", "cullface": "north"},
				"east": {"uv": [0, 5, 16, 16], "texture": "#misc"},
				"south": {"uv": [7, 3, 9, 14], "texture": "#side", "cullface": "south"},
				"west": {"uv": [0, 5, 16, 16], "texture": "#misc"}
			}
		},
		{
			"from": [0, 2, 0],
			"to": [2, 13, 2],
			"rotation": {"angle": 0, "axis": "y", "origin": [-14, 0, -14]},
			"faces": {
				"north": {"uv": [14, 3, 16, 14], "texture": "#side", "cullface": "north"},
				"east": {"uv": [2, 5, 4, 16], "texture": "#misc", "cullface": "north"},
				"south": {"uv": [4, 5, 2, 16], "texture": "#misc", "cullface": "west"},
				"west": {"uv": [0, 3, 2, 14], "texture": "#side", "cullface": "west"}
			}
		},
		{
			"from": [2, 2, 2],
			"to": [14, 13, 14],
			"faces": {
				"north": {"uv": [2, 3, 14, 14], "texture": "#side", "cullface": "north"},
				"east": {"uv": [2, 3, 14, 14], "texture": "#front", "cullface": "east"},
				"south": {"uv": [2, 3, 14, 14], "texture": "#side", "cullface": "south"},
				"west": {"uv": [2, 3, 14, 14], "texture": "#front", "cullface": "west"}
			}
		},
		{
			"name": "crafting_table_insides_4",
			"from": [14, 2, 3],
			"to": [15, 10, 5],
			"rotation": {"angle": 0, "axis": "y", "origin": [14.5, 7, 7.5]},
			"faces": {
				"north": {"uv": [11, 3, 12, 11], "texture": "#misc", "cullface": "east"},
				"east": {"uv": [10, 3, 12, 11], "texture": "#misc", "cullface": "east"},
				"south": {"uv": [10, 3, 11, 11], "texture": "#misc", "cullface": "east"},
				"up": {"uv": [10, 3, 12, 4], "rotation": 270, "texture": "#misc", "cullface": "east"}
			}
		},
		{
			"name": "crafting_table_insides_16",
			"from": [12, 5, 1],
			"to": [13, 7, 2],
			"rotation": {"angle": 0, "axis": "y", "origin": [5, 4, 1]},
			"faces": {
				"north": {"uv": [8, 13, 7, 15], "texture": "#misc", "cullface": "north"},
				"east": {"uv": [7, 13, 8, 15], "texture": "#misc", "cullface": "north"},
				"west": {"uv": [7, 13, 8, 15], "texture": "#misc", "cullface": "north"},
				"up": {"uv": [7, 13, 8, 14], "texture": "#misc", "cullface": "north"},
				"down": {"uv": [7, 14, 8, 15], "texture": "#misc", "cullface": "north"}
			}
		},
		{
			"name": "crafting_table_insides_15",
			"from": [10, 5, 1],
			"to": [11, 7, 2],
			"rotation": {"angle": 0, "axis": "y", "origin": [5, 4, 1]},
			"faces": {
				"north": {"uv": [6, 13, 5, 15], "texture": "#misc", "cullface": "north"},
				"east": {"uv": [5, 13, 6, 15], "texture": "#misc", "cullface": "north"},
				"west": {"uv": [5, 13, 6, 15], "texture": "#misc", "cullface": "north"},
				"up": {"uv": [5, 13, 6, 14], "texture": "#misc", "cullface": "north"},
				"down": {"uv": [5, 14, 6, 15], "texture": "#misc", "cullface": "north"}
			}
		},
		{
			"name": "crafting_table_insides_14",
			"from": [11, 7, 1],
			"to": [12, 8, 2],
			"rotation": {"angle": 0, "axis": "y", "origin": [5, 4, 1]},
			"faces": {
				"north": {"uv": [7, 12, 6, 13], "texture": "#misc", "cullface": "north"},
				"east": {"uv": [6, 12, 7, 13], "texture": "#misc", "cullface": "north"},
				"west": {"uv": [6, 12, 7, 13], "texture": "#misc", "cullface": "north"},
				"up": {"uv": [6, 12, 7, 13], "texture": "#misc", "cullface": "north"},
				"down": {"uv": [6, 12, 7, 13], "texture": "#misc", "cullface": "north"}
			}
		},
		{
			"name": "crafting_table_insides_13",
			"from": [1, 2, 10],
			"to": [2, 3, 11],
			"rotation": {"angle": 0, "axis": "y", "origin": [1.5, 7, 10]},
			"faces": {
				"north": {"uv": [9, 10, 10, 11], "texture": "#misc", "cullface": "west"},
				"west": {"uv": [9, 10, 10, 11], "texture": "#misc"},
				"up": {"uv": [9, 10, 10, 11], "rotation": 90, "texture": "#misc", "cullface": "west"}
			}
		},
		{
			"name": "crafting_table_insides_12",
			"from": [12, 8, 1],
			"to": [13, 11, 2],
			"rotation": {"angle": 0, "axis": "y", "origin": [5, 4, 1]},
			"faces": {
				"north": {"uv": [8, 9, 7, 12], "texture": "#misc", "cullface": "north"},
				"east": {"uv": [7, 9, 8, 12], "texture": "#misc", "cullface": "north"},
				"west": {"uv": [7, 9, 8, 12], "texture": "#misc", "cullface": "north"},
				"up": {"uv": [7, 9, 8, 10], "texture": "#misc", "cullface": "north"},
				"down": {"uv": [7, 11, 8, 12], "texture": "#misc", "cullface": "north"}
			}
		},
		{
			"name": "crafting_table_insides_11",
			"from": [10, 8, 1],
			"to": [11, 11, 2],
			"rotation": {"angle": 0, "axis": "y", "origin": [5, 4, 1]},
			"faces": {
				"north": {"uv": [6, 9, 5, 12], "texture": "#misc", "cullface": "north"},
				"east": {"uv": [5, 9, 6, 12], "texture": "#misc", "cullface": "north"},
				"west": {"uv": [5, 9, 6, 12], "texture": "#misc", "cullface": "north"},
				"up": {"uv": [5, 9, 6, 10], "texture": "#misc", "cullface": "north"},
				"down": {"uv": [5, 11, 6, 12], "texture": "#misc", "cullface": "north"}
			}
		},
		{
			"name": "crafting_table_insides_10",
			"from": [1, 4, 10],
			"to": [2, 5, 11],
			"rotation": {"angle": 0, "axis": "y", "origin": [1.5, 7, 10]},
			"faces": {
				"north": {"uv": [9, 8, 10, 9], "texture": "#misc", "cullface": "west"},
				"west": {"uv": [9, 8, 10, 9], "texture": "#misc", "cullface": "west"},
				"up": {"uv": [9, 8, 10, 9], "rotation": 90, "texture": "#misc", "cullface": "west"},
				"down": {"uv": [9, 8, 10, 9], "rotation": 270, "texture": "#misc", "cullface": "west"}
			}
		},
		{
			"name": "crafting_table_insides_9",
			"from": [1, 6, 10],
			"to": [2, 7, 11],
			"rotation": {"angle": 0, "axis": "y", "origin": [1.5, 7, 10]},
			"faces": {
				"north": {"uv": [9, 6, 10, 7], "texture": "#misc", "cullface": "west"},
				"west": {"uv": [9, 6, 10, 7], "texture": "#misc", "cullface": "west"},
				"up": {"uv": [9, 6, 10, 7], "rotation": 90, "texture": "#misc", "cullface": "west"},
				"down": {"uv": [9, 6, 10, 7], "rotation": 270, "texture": "#misc", "cullface": "west"}
			}
		},
		{
			"name": "crafting_table_insides_9",
			"from": [1, 10, 12],
			"to": [2, 11, 13],
			"rotation": {"angle": 0, "axis": "y", "origin": [1.5, 11, 12]},
			"faces": {
				"north": {"uv": [11, 2, 12, 3], "texture": "#misc", "cullface": "west"},
				"south": {"uv": [11, 2, 12, 3], "texture": "#misc", "cullface": "west"},
				"west": {"uv": [11, 2, 12, 3], "texture": "#misc", "cullface": "west"}
			}
		},
		{
			"name": "crafting_table_insides_7",
			"from": [1, 6, 5],
			"to": [2, 8, 6],
			"rotation": {"angle": 0, "axis": "y", "origin": [1.5, 7, 7]},
			"faces": {
				"south": {"uv": [7, 5, 8, 7], "texture": "#misc", "cullface": "west"},
				"west": {"uv": [7, 5, 8, 7], "texture": "#misc", "cullface": "west"},
				"up": {"uv": [7, 5, 8, 6], "rotation": 90, "texture": "#misc", "cullface": "west"},
				"down": {"uv": [7, 6, 8, 7], "rotation": 270, "texture": "#misc", "cullface": "west"}
			}
		},
		{
			"name": "crafting_table_insides_6",
			"from": [1, 6, 3],
			"to": [2, 8, 4],
			"rotation": {"angle": 0, "axis": "y", "origin": [1.5, 7, 7]},
			"faces": {
				"north": {"uv": [5, 5, 6, 7], "texture": "#misc", "cullface": "west"},
				"west": {"uv": [5, 5, 6, 7], "texture": "#misc", "cullface": "west"},
				"up": {"uv": [5, 5, 6, 6], "rotation": 90, "texture": "#misc", "cullface": "west"},
				"down": {"uv": [5, 6, 6, 7], "rotation": 270, "texture": "#misc", "cullface": "west"}
			}
		},
		{
			"name": "crafting_table_insides_4",
			"from": [1, 2, 11],
			"to": [2, 10, 13],
			"rotation": {"angle": 0, "axis": "y", "origin": [1.5, 7, 10]},
			"faces": {
				"north": {"uv": [10, 3, 11, 11], "texture": "#misc", "cullface": "west"},
				"south": {"uv": [11, 3, 12, 11], "texture": "#misc", "cullface": "west"},
				"west": {"uv": [10, 3, 12, 11], "texture": "#misc", "cullface": "west"},
				"up": {"uv": [10, 3, 12, 4], "rotation": 90, "texture": "#misc", "cullface": "west"}
			}
		},
		{
			"name": "crafting_table_insides_2",
			"from": [1, 8, 10],
			"to": [2, 11, 11],
			"rotation": {"angle": 0, "axis": "y", "origin": [1.5, 7, 10]},
			"faces": {
				"north": {"uv": [9, 2, 10, 5], "texture": "#misc", "cullface": "west"},
				"south": {"uv": [9, 2, 10, 5], "texture": "#misc", "cullface": "west"},
				"west": {"uv": [9, 2, 10, 5], "texture": "#misc", "cullface": "west"},
				"down": {"uv": [9, 4, 10, 5], "rotation": 270, "texture": "#misc", "cullface": "west"}
			}
		},
		{
			"name": "crafting_table_insides_1",
			"from": [1, 11, 10],
			"to": [2, 12, 13],
			"rotation": {"angle": 0, "axis": "y", "origin": [1.5, 7, 10]},
			"faces": {
				"north": {"uv": [9, 1, 10, 2], "texture": "#misc", "cullface": "west"},
				"south": {"uv": [11, 1, 12, 2], "texture": "#misc", "cullface": "west"},
				"west": {"uv": [9, 1, 12, 2], "texture": "#misc", "cullface": "west"},
				"up": {"uv": [9, 1, 12, 2], "rotation": 90, "texture": "#misc", "cullface": "west"},
				"down": {"uv": [9, 1, 12, 2], "rotation": 270, "texture": "#misc", "cullface": "west"}
			}
		},
		{
			"name": "crafting_table_insides_0",
			"from": [1, 5, 4],
			"to": [2, 12, 5],
			"rotation": {"angle": 0, "axis": "y", "origin": [1.5, 7, 7]},
			"faces": {
				"north": {"uv": [6, 1, 7, 8], "texture": "#misc", "cullface": "west"},
				"south": {"uv": [6, 1, 7, 8], "texture": "#misc", "cullface": "west"},
				"west": {"uv": [6, 1, 7, 8], "texture": "#misc", "cullface": "west"},
				"up": {"uv": [6, 1, 7, 2], "rotation": 90, "texture": "#misc", "cullface": "west"},
				"down": {"uv": [6, 7, 7, 8], "rotation": 270, "texture": "#misc", "cullface": "west"}
			}
		},
		{
			"name": "crafting_table_insides_13",
			"from": [14, 2, 5],
			"to": [15, 3, 6],
			"rotation": {"angle": 0, "axis": "y", "origin": [14.5, 7, 7.5]},
			"faces": {
				"east": {"uv": [9, 10, 10, 11], "texture": "#misc", "cullface": "east"},
				"south": {"uv": [9, 10, 10, 11], "texture": "#misc", "cullface": "east"},
				"up": {"uv": [9, 10, 10, 11], "rotation": 270, "texture": "#misc", "cullface": "east"}
			}
		},
		{
			"name": "crafting_table_insides_10",
			"from": [14, 4, 5],
			"to": [15, 5, 6],
			"rotation": {"angle": 0, "axis": "y", "origin": [14.5, 7, 7.5]},
			"faces": {
				"east": {"uv": [9, 8, 10, 9], "texture": "#misc", "cullface": "east"},
				"south": {"uv": [9, 8, 10, 9], "texture": "#misc", "cullface": "east"},
				"up": {"uv": [9, 8, 10, 9], "rotation": 270, "texture": "#misc", "cullface": "east"},
				"down": {"uv": [9, 8, 10, 9], "rotation": 90, "texture": "#misc", "cullface": "east"}
			}
		},
		{
			"name": "crafting_table_insides_2",
			"from": [14, 8, 5],
			"to": [15, 11, 6],
			"rotation": {"angle": 0, "axis": "y", "origin": [14.5, 7, 7.5]},
			"faces": {
				"north": {"uv": [9, 2, 10, 5], "texture": "#misc", "cullface": "east"},
				"east": {"uv": [9, 2, 10, 5], "texture": "#misc", "cullface": "east"},
				"south": {"uv": [9, 2, 10, 5], "texture": "#misc", "cullface": "east"},
				"down": {"uv": [9, 4, 10, 5], "rotation": 90, "texture": "#misc", "cullface": "east"}
			}
		},
		{
			"name": "crafting_table_insides_9",
			"from": [14, 6, 5],
			"to": [15, 7, 6],
			"rotation": {"angle": 0, "axis": "y", "origin": [14.5, 7, 7.5]},
			"faces": {
				"east": {"uv": [9, 6, 10, 7], "texture": "#misc", "cullface": "east"},
				"south": {"uv": [9, 6, 10, 7], "texture": "#misc", "cullface": "east"},
				"up": {"uv": [9, 6, 10, 7], "rotation": 270, "texture": "#misc", "cullface": "east"},
				"down": {"uv": [9, 6, 10, 7], "rotation": 90, "texture": "#misc", "cullface": "east"}
			}
		},
		{
			"name": "crafting_table_insides_9",
			"from": [14, 10, 3],
			"to": [15, 11, 4],
			"rotation": {"angle": 0, "axis": "y", "origin": [14.5, 11, 5.5]},
			"faces": {
				"north": {"uv": [11, 2, 12, 3], "texture": "#misc", "cullface": "east"},
				"east": {"uv": [11, 2, 12, 3], "texture": "#misc", "cullface": "east"},
				"south": {"uv": [11, 2, 12, 3], "texture": "#misc", "cullface": "east"}
			}
		},
		{
			"name": "crafting_table_insides_7",
			"from": [14, 6, 10],
			"to": [15, 8, 11],
			"rotation": {"angle": 0, "axis": "y", "origin": [14.5, 7, 7.5]},
			"faces": {
				"north": {"uv": [7, 5, 8, 7], "texture": "#misc", "cullface": "east"},
				"east": {"uv": [7, 5, 8, 7], "texture": "#misc", "cullface": "east"},
				"up": {"uv": [7, 5, 8, 6], "rotation": 270, "texture": "#misc", "cullface": "east"},
				"down": {"uv": [7, 6, 8, 7], "rotation": 90, "texture": "#misc", "cullface": "east"}
			}
		},
		{
			"name": "crafting_table_insides_0",
			"from": [14, 5, 11],
			"to": [15, 12, 12],
			"rotation": {"angle": 0, "axis": "y", "origin": [14.5, 7, 7.5]},
			"faces": {
				"north": {"uv": [6, 1, 7, 8], "texture": "#misc", "cullface": "east"},
				"east": {"uv": [6, 1, 7, 8], "texture": "#misc", "cullface": "east"},
				"south": {"uv": [6, 1, 7, 8], "texture": "#misc", "cullface": "east"},
				"up": {"uv": [6, 1, 7, 2], "rotation": 270, "texture": "#misc", "cullface": "east"},
				"down": {"uv": [6, 7, 7, 8], "rotation": 90, "texture": "#misc", "cullface": "east"}
			}
		},
		{
			"name": "crafting_table_insides_6",
			"from": [14, 6, 12],
			"to": [15, 8, 13],
			"rotation": {"angle": 0, "axis": "y", "origin": [14.5, 7, 7.5]},
			"faces": {
				"east": {"uv": [5, 5, 6, 7], "texture": "#misc", "cullface": "east"},
				"south": {"uv": [5, 5, 6, 7], "texture": "#misc", "cullface": "east"},
				"up": {"uv": [5, 5, 6, 6], "rotation": 270, "texture": "#misc", "cullface": "east"},
				"down": {"uv": [5, 6, 6, 7], "rotation": 90, "texture": "#misc", "cullface": "east"}
			}
		},
		{
			"name": "crafting_table_insides_1",
			"from": [14, 11, 3],
			"to": [15, 12, 6],
			"rotation": {"angle": 0, "axis": "y", "origin": [14.5, 7, 7.5]},
			"faces": {
				"north": {"uv": [11, 1, 12, 2], "texture": "#misc", "cullface": "east"},
				"east": {"uv": [9, 1, 12, 2], "texture": "#misc", "cullface": "east"},
				"south": {"uv": [9, 1, 10, 2], "texture": "#misc", "cullface": "east"},
				"up": {"uv": [9, 1, 12, 2], "rotation": 270, "texture": "#misc", "cullface": "east"},
				"down": {"uv": [9, 1, 12, 2], "rotation": 90, "texture": "#misc", "cullface": "east"}
			}
		},
		{
			"name": "crafting_table_insides_15",
			"from": [3, 5, 14],
			"to": [4, 7, 15],
			"rotation": {"angle": 0, "axis": "y", "origin": [4.5, 7.75, 14.5]},
			"faces": {
				"east": {"uv": [5, 13, 6, 15], "texture": "#misc", "cullface": "south"},
				"south": {"uv": [5, 13, 6, 15], "texture": "#misc", "cullface": "south"},
				"west": {"uv": [5, 13, 6, 15], "texture": "#misc", "cullface": "south"},
				"up": {"uv": [5, 13, 6, 14], "texture": "#misc", "cullface": "south"},
				"down": {"uv": [5, 14, 6, 15], "texture": "#misc", "cullface": "south"}
			}
		},
		{
			"name": "crafting_table_insides_16",
			"from": [5, 5, 14],
			"to": [6, 7, 15],
			"rotation": {"angle": 0, "axis": "y", "origin": [4.5, 7.75, 14.5]},
			"faces": {
				"east": {"uv": [7, 13, 8, 15], "texture": "#misc", "cullface": "south"},
				"south": {"uv": [7, 13, 8, 15], "texture": "#misc", "cullface": "south"},
				"west": {"uv": [7, 13, 8, 15], "texture": "#misc", "cullface": "south"},
				"up": {"uv": [7, 13, 8, 14], "texture": "#misc", "cullface": "south"},
				"down": {"uv": [7, 14, 8, 15], "texture": "#misc", "cullface": "south"}
			}
		},
		{
			"name": "crafting_table_insides_12",
			"from": [5, 8, 14],
			"to": [6, 11, 15],
			"rotation": {"angle": 0, "axis": "y", "origin": [4.5, 7.75, 14.5]},
			"faces": {
				"east": {"uv": [7, 9, 8, 12], "texture": "#misc", "cullface": "south"},
				"south": {"uv": [7, 9, 8, 12], "texture": "#misc", "cullface": "south"},
				"west": {"uv": [7, 9, 8, 12], "texture": "#misc", "cullface": "south"},
				"up": {"uv": [7, 9, 8, 10], "texture": "#misc", "cullface": "south"},
				"down": {"uv": [7, 11, 8, 12], "texture": "#misc", "cullface": "south"}
			}
		},
		{
			"name": "crafting_table_insides_11",
			"from": [3, 8, 14],
			"to": [4, 11, 15],
			"rotation": {"angle": 0, "axis": "y", "origin": [4.5, 7.75, 14.5]},
			"faces": {
				"east": {"uv": [5, 9, 6, 12], "texture": "#misc", "cullface": "south"},
				"south": {"uv": [5, 9, 6, 12], "texture": "#misc", "cullface": "south"},
				"west": {"uv": [5, 9, 6, 12], "texture": "#misc", "cullface": "south"},
				"up": {"uv": [5, 9, 6, 10], "texture": "#misc", "cullface": "south"},
				"down": {"uv": [5, 11, 6, 12], "texture": "#misc", "cullface": "south"}
			}
		},
		{
			"name": "crafting_table_insides_14",
			"from": [4, 7, 14],
			"to": [5, 8, 15],
			"rotation": {"angle": 0, "axis": "y", "origin": [-2, 4, 1]},
			"faces": {
				"east": {"uv": [6, 12, 7, 13], "texture": "#misc", "cullface": "south"},
				"south": {"uv": [6, 12, 7, 13], "texture": "#misc", "cullface": "south"},
				"west": {"uv": [6, 12, 7, 13], "texture": "#misc", "cullface": "south"},
				"up": {"uv": [6, 12, 7, 13], "texture": "#misc", "cullface": "south"},
				"down": {"uv": [6, 12, 7, 13], "texture": "#misc", "cullface": "south"}
			}
		}
	]
}