{
	"format_version": "1.21.6",
	"credit": "Created by Mickey Joe Alpha - http://YouTube.com/@MushirMickeyJoe",
	"textures": {
		"particle": "block/crimson_fungus_0"
	},
	"elements": [
		{
			"from": [4.5, 2, 4.5],
			"to": [9.5, 9, 9.5],
			"rotation": {"angle": 0, "axis": "y", "origin": [6, 8, 7]},
			"faces": {
				"north": {"uv": [0, 5, 5, 12], "texture": "#particle"},
				"east": {"uv": [5, 5, 10, 12], "texture": "#particle"},
				"south": {"uv": [0, 5, 5, 12], "texture": "#particle"},
				"west": {"uv": [5, 5, 10, 12], "texture": "#particle"},
				"up": {"uv": [0, 0, 5, 5], "texture": "#particle"},
				"down": {"uv": [5, 0, 10, 5], "texture": "#particle"}
			}
		},
		{
			"from": [6, 0, 6],
			"to": [8, 2, 8],
			"rotation": {"angle": 0, "axis": "y", "origin": [6, 8, 7]},
			"faces": {
				"north": {"uv": [4, 12, 6, 14], "rotation": 90, "texture": "#particle"},
				"east": {"uv": [4, 12, 6, 14], "rotation": 90, "texture": "#particle"},
				"south": {"uv": [4, 12, 6, 14], "rotation": 90, "texture": "#particle"},
				"west": {"uv": [4, 12, 6, 14], "rotation": 90, "texture": "#particle"},
				"down": {"uv": [0, 14, 2, 16], "texture": "#particle", "cullface": "down"}
			}
		},
		{
			"from": [4.49, 3.99, 4.49],
			"to": [9.51, 9.01, 9.51],
			"light_emission": 12,
			"rotation": {"angle": 0, "axis": "y", "origin": [6, 6, 7]},
			"faces": {
				"north": {"uv": [11, 11, 16, 16], "rotation": 90, "texture": "#particle"},
				"east": {"uv": [11, 6, 16, 11], "rotation": 90, "texture": "#particle"},
				"south": {"uv": [11, 11, 16, 16], "rotation": 90, "texture": "#particle"},
				"west": {"uv": [11, 6, 16, 11], "rotation": 90, "texture": "#particle"},
				"up": {"uv": [16, 5, 11, 0], "rotation": 180, "texture": "#particle"}
			}
		}
	]
}