{
	"credit": "Created by Mickey Joe Alpha - http://YouTube.com/@MushirMickeyJoe",
	"ambientocclusion": false,
	"textures": {
		"particle": "#crop",
		"crop": "#crop"
	},
	"elements": [
		{
			"name": "Element",
			"from": [4, -1, 0],
			"to": [4.001, 15, 16],
			"shade": false,
			"faces": {
				"east": {"uv": [0, 0, 16, 16], "texture": "#crop"},
				"west": {"uv": [0, 0, 16, 16], "texture": "#crop"}
			}
		},
		{
			"name": "Element",
			"from": [12, -1, 0],
			"to": [12.001, 15, 16],
			"shade": false,
			"faces": {
				"east": {"uv": [0, 0, 16, 16], "texture": "#crop"},
				"west": {"uv": [0, 0, 16, 16], "texture": "#crop"}
			}
		},
		{
			"name": "Element",
			"from": [0, -1, 4],
			"to": [16, 15, 4.001],
			"shade": false,
			"faces": {
				"north": {"uv": [0, 0, 16, 16], "texture": "#crop"},
				"south": {"uv": [0, 0, 16, 16], "texture": "#crop"}
			}
		},
		{
			"name": "Element",
			"from": [0, -1, 12],
			"to": [16, 15, 12.001],
			"shade": false,
			"faces": {
				"north": {"uv": [0, 0, 16, 16], "texture": "#crop"},
				"south": {"uv": [0, 0, 16, 16], "texture": "#crop"}
			}
		},
		{
			"name": "PlaneZ5",
			"from": [0, -1, 8],
			"to": [16, 15, 8.001],
			"shade": false,
			"faces": {
				"north": {"uv": [0, 1, 16, 16], "texture": "#crop"},
				"south": {"uv": [0, 1, 16, 16], "texture": "#crop"}
			}
		},
		{
			"name": "PlaneX7",
			"from": [8, -1, 0],
			"to": [8.001, 15, 16],
			"shade": false,
			"faces": {
				"east": {"uv": [0, 0, 16, 16], "texture": "#crop"},
				"west": {"uv": [0, 0, 16, 16], "texture": "#crop"}
			}
		}
	]
}