{
	"credit": "Created by Mickey Joe Alpha - http://YouTube.com/@MushirMickeyJoe",
	"parent": "block/block",
	"ambientocclusion": false,
	"textures": {
		"1": "block/diamond_ore_gem",
		"2": "block/deepslate_diamond_ore_top",
		"particle": "block/deepslate_diamond_ore_side"
	},
	"elements": [
		{
			"from": [0, 16, 0],
			"to": [16, 16, 16],
			"faces": {
				"up": {"uv": [0, 0, 16, 16], "texture": "#2", "cullface": "up"}
			}
		},
		{
			"name": "gem",
			"from": [8, 14, 6],
			"to": [12, 18, 10],
			"shade": false,
			"light_emission": 1,
			"rotation": {"angle": -22.5, "axis": "z", "origin": [12, 16, 7]},
			"faces": {
				"north": {"uv": [0, 4, 4, 8], "texture": "#1", "cullface": "up"},
				"east": {"uv": [8, 4, 4, 8], "texture": "#1", "cullface": "up"},
				"south": {"uv": [4, 4, 8, 8], "texture": "#1", "cullface": "up"},
				"west": {"uv": [4, 4, 0, 8], "texture": "#1", "cullface": "up"},
				"up": {"uv": [8, 4, 4, 0], "rotation": 270, "texture": "#1", "cullface": "up"}
			}
		},
		{
			"name": "gem",
			"from": [4, 14, 4],
			"to": [8, 18, 8],
			"shade": false,
			"light_emission": 1,
			"rotation": {"angle": -22.5, "axis": "x", "origin": [5, 16, 4]},
			"faces": {
				"north": {"uv": [4, 4, 8, 8], "texture": "#1", "cullface": "up"},
				"east": {"uv": [0, 4, 4, 8], "texture": "#1", "cullface": "up"},
				"south": {"uv": [0, 4, 4, 8], "texture": "#1", "cullface": "up"},
				"west": {"uv": [8, 4, 4, 8], "texture": "#1", "cullface": "up"},
				"up": {"uv": [8, 4, 4, 0], "rotation": 90, "texture": "#1", "cullface": "up"}
			}
		},
		{
			"name": "gem",
			"from": [5, 14, 8],
			"to": [9, 18, 12],
			"shade": false,
			"light_emission": 1,
			"rotation": {"angle": 22.5, "axis": "x", "origin": [6, 16, 12]},
			"faces": {
				"north": {"uv": [4, 4, 0, 8], "texture": "#1", "cullface": "up"},
				"east": {"uv": [0, 4, 4, 8], "texture": "#1", "cullface": "up"},
				"south": {"uv": [8, 4, 4, 8], "texture": "#1", "cullface": "up"},
				"west": {"uv": [4, 4, 8, 8], "texture": "#1", "cullface": "up"},
				"up": {"uv": [8, 4, 4, 0], "texture": "#1", "cullface": "up"}
			}
		},
		{
			"name": "gem",
			"from": [7, 4, 14],
			"to": [11, 8, 18],
			"shade": false,
			"light_emission": 1,
			"rotation": {"angle": 22.5, "axis": "x", "origin": [10, 4, 16]},
			"faces": {
				"east": {"uv": [4, 8, 8, 4], "rotation": 90, "texture": "#1", "cullface": "south"},
				"south": {"uv": [4, 4, 8, 0], "texture": "#1", "cullface": "south"},
				"west": {"uv": [0, 8, 4, 4], "rotation": 270, "texture": "#1", "cullface": "south"},
				"up": {"uv": [0, 4, 4, 8], "rotation": 180, "texture": "#1", "cullface": "south"},
				"down": {"uv": [4, 4, 8, 8], "texture": "#1", "cullface": "south"}
			}
		},
		{
			"from": [0, 0, 16],
			"to": [16, 16, 16],
			"rotation": {"angle": 0, "axis": "y", "origin": [16, 16, 0]},
			"faces": {
				"south": {"uv": [16, 0, 0, 16], "texture": "#particle", "cullface": "south"}
			}
		},
		{
			"name": "gem",
			"from": [8, 8, 14],
			"to": [12, 12, 18],
			"shade": false,
			"light_emission": 1,
			"rotation": {"angle": -22.5, "axis": "x", "origin": [11, 12, 16]},
			"faces": {
				"east": {"uv": [8, 8, 4, 4], "rotation": 90, "texture": "#1", "cullface": "south"},
				"south": {"uv": [8, 0, 4, 4], "rotation": 90, "texture": "#1", "cullface": "south"},
				"west": {"uv": [4, 8, 0, 4], "rotation": 270, "texture": "#1", "cullface": "south"},
				"up": {"uv": [8, 4, 4, 8], "rotation": 180, "texture": "#1", "cullface": "south"},
				"down": {"uv": [4, 4, 0, 8], "texture": "#1", "cullface": "south"}
			}
		},
		{
			"name": "gem",
			"from": [4, 6, 14],
			"to": [8, 10, 18],
			"shade": false,
			"light_emission": 1,
			"rotation": {"angle": -22.5, "axis": "y", "origin": [4, 9, 16]},
			"faces": {
				"east": {"uv": [4, 8, 0, 4], "rotation": 90, "texture": "#1", "cullface": "south"},
				"south": {"uv": [8, 0, 4, 4], "rotation": 270, "texture": "#1", "cullface": "south"},
				"west": {"uv": [8, 8, 4, 4], "rotation": 270, "texture": "#1", "cullface": "south"},
				"up": {"uv": [4, 4, 0, 8], "rotation": 180, "texture": "#1", "cullface": "south"},
				"down": {"uv": [8, 4, 4, 8], "texture": "#1", "cullface": "south"}
			}
		},
		{
			"name": "gem",
			"from": [-5.98324, 7.97491, 5],
			"to": [-1.98324, 11.97491, 9],
			"shade": false,
			"light_emission": 1,
			"rotation": {"angle": 22.5, "axis": "z", "origin": [8, 16, 8]},
			"faces": {
				"north": {"uv": [4, 4, 8, 8], "rotation": 90, "texture": "#1", "cullface": "west"},
				"south": {"uv": [0, 4, 4, 8], "rotation": 270, "texture": "#1", "cullface": "west"},
				"west": {"uv": [8, 4, 4, 0], "texture": "#1", "cullface": "west"},
				"up": {"uv": [4, 4, 0, 8], "rotation": 270, "texture": "#1", "cullface": "west"},
				"down": {"uv": [8, 4, 4, 8], "rotation": 270, "texture": "#1", "cullface": "west"}
			}
		},
		{
			"name": "gem",
			"from": [-2.92177, 6, 4.63405],
			"to": [1.07823, 10, 8.63405],
			"shade": false,
			"light_emission": 1,
			"rotation": {"angle": 22.5, "axis": "y", "origin": [8, 16, 8]},
			"faces": {
				"north": {"uv": [4, 4, 0, 8], "rotation": 90, "texture": "#1", "cullface": "west"},
				"south": {"uv": [8, 4, 4, 8], "rotation": 270, "texture": "#1", "cullface": "west"},
				"west": {"uv": [8, 4, 4, 0], "rotation": 270, "texture": "#1", "cullface": "west"},
				"up": {"uv": [0, 4, 4, 8], "rotation": 270, "texture": "#1", "cullface": "west"},
				"down": {"uv": [4, 4, 8, 8], "rotation": 270, "texture": "#1", "cullface": "west"}
			}
		},
		{
			"name": "gem",
			"from": [0.1397, 5.24301, 4],
			"to": [4.1397, 9.24301, 8],
			"shade": false,
			"light_emission": 1,
			"rotation": {"angle": -22.5, "axis": "z", "origin": [8, 16, 8]},
			"faces": {
				"north": {"uv": [8, 4, 4, 8], "rotation": 90, "texture": "#1", "cullface": "west"},
				"south": {"uv": [4, 4, 0, 8], "rotation": 270, "texture": "#1", "cullface": "west"},
				"west": {"uv": [8, 4, 4, 0], "rotation": 90, "texture": "#1", "cullface": "west"},
				"up": {"uv": [4, 4, 8, 8], "rotation": 270, "texture": "#1", "cullface": "west"},
				"down": {"uv": [0, 4, 4, 8], "rotation": 270, "texture": "#1", "cullface": "west"}
			}
		},
		{
			"from": [0, 0, 0],
			"to": [0, 16, 16],
			"rotation": {"angle": 0, "axis": "y", "origin": [8, 16, 8]},
			"faces": {
				"west": {"uv": [0, 0, 16, 16], "texture": "#particle", "cullface": "west"}
			}
		},
		{
			"name": "gem",
			"from": [4, 5.24301, 0.1397],
			"to": [8, 9.24301, 4.1397],
			"shade": false,
			"light_emission": 1,
			"rotation": {"angle": 22.5, "axis": "x", "origin": [8, 16, 8]},
			"faces": {
				"north": {"uv": [8, 0, 4, 4], "rotation": 90, "texture": "#1", "cullface": "north"},
				"east": {"uv": [4, 8, 0, 4], "rotation": 270, "texture": "#1", "cullface": "north"},
				"west": {"uv": [8, 8, 4, 4], "rotation": 90, "texture": "#1", "cullface": "north"},
				"up": {"uv": [8, 4, 4, 8], "texture": "#1", "cullface": "north"},
				"down": {"uv": [4, 4, 0, 8], "rotation": 180, "texture": "#1", "cullface": "north"}
			}
		},
		{
			"from": [0, 0, 0],
			"to": [16, 16, 0],
			"rotation": {"angle": 0, "axis": "y", "origin": [8, 16, 8]},
			"faces": {
				"north": {"uv": [16, 0, 0, 16], "texture": "#particle", "cullface": "north"}
			}
		},
		{
			"name": "gem",
			"from": [4.63405, 6, -2.92177],
			"to": [8.63405, 10, 1.07823],
			"shade": false,
			"light_emission": 1,
			"rotation": {"angle": -22.5, "axis": "y", "origin": [8, 16, 8]},
			"faces": {
				"north": {"uv": [8, 0, 4, 4], "rotation": 270, "texture": "#1", "cullface": "north"},
				"east": {"uv": [8, 8, 4, 4], "rotation": 270, "texture": "#1", "cullface": "north"},
				"west": {"uv": [4, 8, 0, 4], "rotation": 90, "texture": "#1", "cullface": "north"},
				"up": {"uv": [4, 4, 0, 8], "texture": "#1", "cullface": "north"},
				"down": {"uv": [8, 4, 4, 8], "rotation": 180, "texture": "#1", "cullface": "north"}
			}
		},
		{
			"name": "gem",
			"from": [5, 7.97491, -5.98324],
			"to": [9, 11.97491, -1.98324],
			"shade": false,
			"light_emission": 1,
			"rotation": {"angle": -22.5, "axis": "x", "origin": [8, 16, 8]},
			"faces": {
				"north": {"uv": [4, 4, 8, 0], "texture": "#1", "cullface": "north"},
				"east": {"uv": [0, 8, 4, 4], "rotation": 270, "texture": "#1", "cullface": "north"},
				"west": {"uv": [4, 8, 8, 4], "rotation": 90, "texture": "#1", "cullface": "north"},
				"up": {"uv": [0, 4, 4, 8], "texture": "#1", "cullface": "north"},
				"down": {"uv": [4, 4, 8, 8], "rotation": 180, "texture": "#1", "cullface": "north"}
			}
		},
		{
			"name": "gem",
			"from": [11.8603, 5.24301, 8],
			"to": [15.8603, 9.24301, 12],
			"shade": false,
			"light_emission": 1,
			"rotation": {"angle": 22.5, "axis": "z", "origin": [8, 16, 8]},
			"faces": {
				"north": {"uv": [4, 4, 0, 8], "rotation": 270, "texture": "#1", "cullface": "east"},
				"east": {"uv": [8, 4, 4, 0], "rotation": 90, "texture": "#1", "cullface": "east"},
				"south": {"uv": [8, 4, 4, 8], "rotation": 90, "texture": "#1", "cullface": "east"},
				"up": {"uv": [4, 4, 8, 8], "rotation": 90, "texture": "#1", "cullface": "east"},
				"down": {"uv": [0, 4, 4, 8], "rotation": 90, "texture": "#1", "cullface": "east"}
			}
		},
		{
			"from": [16, 0, 0],
			"to": [16, 16, 16],
			"rotation": {"angle": 0, "axis": "y", "origin": [8, 16, 8]},
			"faces": {
				"east": {"uv": [0, 0, 16, 16], "texture": "#particle", "cullface": "east"}
			}
		},
		{
			"name": "gem",
			"from": [14.92177, 6, 7.36595],
			"to": [18.92177, 10, 11.36595],
			"shade": false,
			"light_emission": 1,
			"rotation": {"angle": 22.5, "axis": "y", "origin": [8, 16, 8]},
			"faces": {
				"north": {"uv": [8, 4, 4, 8], "rotation": 270, "texture": "#1", "cullface": "east"},
				"east": {"uv": [8, 4, 4, 0], "rotation": 270, "texture": "#1", "cullface": "east"},
				"south": {"uv": [4, 4, 0, 8], "rotation": 90, "texture": "#1", "cullface": "east"},
				"up": {"uv": [0, 4, 4, 8], "rotation": 90, "texture": "#1", "cullface": "east"},
				"down": {"uv": [4, 4, 8, 8], "rotation": 90, "texture": "#1", "cullface": "east"}
			}
		},
		{
			"name": "gem",
			"from": [17.98324, 7.97491, 7],
			"to": [21.98324, 11.97491, 11],
			"shade": false,
			"light_emission": 1,
			"rotation": {"angle": -22.5, "axis": "z", "origin": [8, 16, 8]},
			"faces": {
				"north": {"uv": [0, 4, 4, 8], "rotation": 270, "texture": "#1", "cullface": "east"},
				"east": {"uv": [8, 4, 4, 0], "texture": "#1", "cullface": "east"},
				"south": {"uv": [4, 4, 8, 8], "rotation": 90, "texture": "#1", "cullface": "east"},
				"up": {"uv": [4, 4, 0, 8], "rotation": 90, "texture": "#1", "cullface": "east"},
				"down": {"uv": [8, 4, 4, 8], "rotation": 90, "texture": "#1", "cullface": "east"}
			}
		},
		{
			"from": [0, 0, 0],
			"to": [16, 0, 16],
			"rotation": {"angle": 0, "axis": "y", "origin": [8, 8, 8]},
			"faces": {
				"down": {"uv": [16, 16, 0, 0], "texture": "#2", "cullface": "down"}
			}
		},
		{
			"name": "gem",
			"from": [7, -2.92177, 4.63405],
			"to": [11, 1.07823, 8.63405],
			"shade": false,
			"light_emission": 1,
			"rotation": {"angle": -22.5, "axis": "x", "origin": [8, 8, 8]},
			"faces": {
				"north": {"uv": [0, 8, 4, 4], "texture": "#1", "cullface": "down"},
				"east": {"uv": [8, 8, 4, 4], "texture": "#1", "cullface": "down"},
				"south": {"uv": [4, 8, 8, 4], "texture": "#1", "cullface": "down"},
				"west": {"uv": [4, 8, 0, 4], "texture": "#1", "cullface": "down"},
				"down": {"uv": [4, 0, 8, 4], "texture": "#1", "cullface": "down"}
			}
		},
		{
			"name": "gem",
			"from": [8, -2.92177, 7.36595],
			"to": [12, 1.07823, 11.36595],
			"shade": false,
			"light_emission": 1,
			"rotation": {"angle": 22.5, "axis": "x", "origin": [8, 8, 8]},
			"faces": {
				"north": {"uv": [8, 8, 4, 4], "texture": "#1", "cullface": "down"},
				"east": {"uv": [4, 8, 8, 4], "texture": "#1", "cullface": "down"},
				"south": {"uv": [4, 8, 0, 4], "texture": "#1", "cullface": "down"},
				"west": {"uv": [4, 8, 0, 4], "texture": "#1", "cullface": "down"},
				"down": {"uv": [4, 0, 8, 4], "rotation": 90, "texture": "#1", "cullface": "down"}
			}
		},
		{
			"name": "gem",
			"from": [7.36595, -2.92177, 6],
			"to": [11.36595, 1.07823, 10],
			"shade": false,
			"light_emission": 1,
			"rotation": {"angle": -22.5, "axis": "z", "origin": [8, 8, 8]},
			"faces": {
				"north": {"uv": [4, 8, 0, 4], "texture": "#1", "cullface": "down"},
				"east": {"uv": [0, 8, 4, 4], "texture": "#1", "cullface": "down"},
				"south": {"uv": [8, 8, 4, 4], "texture": "#1", "cullface": "down"},
				"west": {"uv": [4, 8, 8, 4], "texture": "#1", "cullface": "down"},
				"down": {"uv": [4, 0, 8, 4], "rotation": 270, "texture": "#1", "cullface": "down"}
			}
		}
	]
}