{
	"credit": "Created by Mickey Joe Alpha - http://YouTube.com/@MushirMickeyJoe",
	"ambientocclusion": false,
	"textures": {
		"rails": "block/track_rails",
		"ties": "block/track_ties_detector",
		"particle": "block/empty_particle"
	},
	"elements": [
		{
			"name": "Box9",
			"from": [12, 17.3125, -0.6875],
			"to": [14, 18.28125, 22.375],
			"rotation": {"angle": 45, "axis": "x", "origin": [12, 17.3125, -0.6875]},
			"faces": {
				"north": {"uv": [6, 0, 4, 1], "texture": "#rails"},
				"east": {"uv": [5, 0, 6, 16], "rotation": 90, "texture": "#rails"},
				"south": {"uv": [4, 15, 6, 16], "texture": "#rails"},
				"west": {"uv": [4, 0, 5, 16], "rotation": 270, "texture": "#rails"},
				"up": {"uv": [4, 0, 6, 16], "texture": "#rails"},
				"down": {"uv": [4, 16, 6, 0], "texture": "#rails"}
			}
		},
		{
			"name": "Box2",
			"from": [1, 12.3438, -1.1563],
			"to": [15, 13.3438, 0.8437],
			"rotation": {"angle": 45, "axis": "x", "origin": [7, 12.34375, 2.84375]},
			"faces": {
				"north": {"uv": [14, 0, 0, 1], "texture": "#ties"},
				"east": {"uv": [13, 2, 14, 0], "rotation": 270, "texture": "#ties"},
				"south": {"uv": [14, 1, 0, 2], "texture": "#ties"},
				"west": {"uv": [0, 0, 1, 2], "rotation": 270, "texture": "#ties"},
				"up": {"uv": [0, 0, 14, 2], "texture": "#ties"},
				"down": {"uv": [0, 2, 14, 0], "texture": "#ties"}
			}
		},
		{
			"name": "Box3",
			"from": [1, 12.3437, 4.3437],
			"to": [15, 13.3437, 6.3437],
			"rotation": {"angle": 45, "axis": "x", "origin": [7, 12.34375, 2.84375]},
			"faces": {
				"north": {"uv": [14, 2, 0, 3], "texture": "#ties"},
				"east": {"uv": [13, 4, 14, 2], "rotation": 270, "texture": "#ties"},
				"south": {"uv": [0, 3, 14, 4], "texture": "#ties"},
				"west": {"uv": [0, 2, 1, 4], "rotation": 270, "texture": "#ties"},
				"up": {"uv": [0, 2, 14, 4], "texture": "#ties"},
				"down": {"uv": [0, 4, 14, 2], "texture": "#ties"}
			}
		},
		{
			"name": "Box4",
			"from": [1, 12.3438, 10.3438],
			"to": [15, 13.3438, 12.3438],
			"rotation": {"angle": 45, "axis": "x", "origin": [7, 12.34375, 2.84375]},
			"faces": {
				"north": {"uv": [14, 4, 0, 5], "texture": "#ties"},
				"east": {"uv": [13, 6, 14, 4], "rotation": 270, "texture": "#ties"},
				"south": {"uv": [0, 5, 14, 6], "texture": "#ties"},
				"west": {"uv": [0, 4, 1, 6], "rotation": 270, "texture": "#ties"},
				"up": {"uv": [0, 4, 14, 6], "texture": "#ties"},
				"down": {"uv": [0, 6, 14, 4], "texture": "#ties"}
			}
		},
		{
			"name": "Box5",
			"from": [1, 12.3437, 15.8438],
			"to": [15, 13.3437, 17.8438],
			"rotation": {"angle": 45, "axis": "x", "origin": [7, 12.34375, 2.84375]},
			"faces": {
				"north": {"uv": [14, 6, 0, 7], "texture": "#ties"},
				"east": {"uv": [13, 8, 14, 6], "rotation": 270, "texture": "#ties"},
				"south": {"uv": [0, 7, 14, 8], "texture": "#ties"},
				"west": {"uv": [0, 6, 1, 8], "rotation": 270, "texture": "#ties"},
				"up": {"uv": [0, 6, 14, 8], "texture": "#ties"},
				"down": {"uv": [0, 8, 14, 6], "texture": "#ties"}
			}
		},
		{
			"name": "Box7",
			"from": [5, 10.4375, 5.375],
			"to": [11, 11.4375, 11.375],
			"rotation": {"angle": 45, "axis": "x", "origin": [6, 10.9375, 6.375]},
			"faces": {
				"north": {"uv": [16, 0, 10, 1], "texture": "#rails"},
				"east": {"uv": [15, 6, 16, 0], "rotation": 270, "texture": "#rails"},
				"south": {"uv": [10, 5, 16, 6], "texture": "#rails"},
				"west": {"uv": [11, 0, 10, 6], "rotation": 270, "texture": "#rails"},
				"up": {"uv": [10, 0, 16, 6], "texture": "#rails"},
				"down": {"uv": [10, 6, 16, 0], "texture": "#rails"}
			}
		},
		{
			"name": "Box8",
			"from": [6, 11.4375, 6.375],
			"to": [10, 12.4375, 10.375],
			"rotation": {"angle": 45, "axis": "x", "origin": [6, 10.9375, 6.375]},
			"faces": {
				"north": {"uv": [12, 12, 8, 13], "texture": "#rails"},
				"east": {"uv": [11, 12, 12, 16], "rotation": 90, "texture": "#rails"},
				"south": {"uv": [8, 15, 12, 16], "texture": "#rails"},
				"west": {"uv": [8, 12, 9, 16], "rotation": 270, "texture": "#rails"},
				"up": {"uv": [8, 12, 12, 16], "texture": "#rails"}
			}
		},
		{
			"name": "Box9",
			"from": [2, 17.3125, -0.6875],
			"to": [4, 18.28125, 22.375],
			"rotation": {"angle": 45, "axis": "x", "origin": [2, 17.3125, -0.6875]},
			"faces": {
				"north": {"uv": [2, 0, 0, 1], "texture": "#rails"},
				"east": {"uv": [1, 0, 2, 16], "rotation": 90, "texture": "#rails"},
				"south": {"uv": [0, 15, 2, 16], "texture": "#rails"},
				"west": {"uv": [0, 0, 1, 16], "rotation": 270, "texture": "#rails"},
				"up": {"uv": [0, 0, 2, 16], "texture": "#rails"},
				"down": {"uv": [0, 16, 2, 0], "texture": "#rails"}
			}
		}
	]
}