{
	"credit": "Created by Mickey Joe Alpha - http://YouTube.com/@MushirMickeyJoe",
	"ambientocclusion": false,
	"textures": {
		"rails": "block/track_rails",
		"ties": "block/track_ties_detector",
		"particle": "block/empty_particle"
	},
	"elements": [
		{
			"name": "Box9",
			"from": [12, 17.3125, -0.6875],
			"to": [14, 18.28125, 22.375],
			"rotation": {"angle": 45, "axis": "x", "origin": [12, 17.3125, -0.6875]},
			"faces": {
				"north": {"uv": [6, 0, 4, 1], "texture": "#rails"},
				"east": {"uv": [5, 0, 6, 16], "rotation": 90, "texture": "#rails"},
				"south": {"uv": [4, 15, 6, 16], "texture": "#rails"},
				"west": {"uv": [4, 0, 5, 16], "rotation": 270, "texture": "#rails"},
				"up": {"uv": [4, 0, 6, 16], "texture": "#rails"},
				"down": {"uv": [4, 16, 6, 0], "texture": "#rails"}
			}
		},
		{
			"name": "Box2",
			"from": [1, 12.3438, -1.1563],
			"to": [15, 13.3438, 0.8437],
			"rotation": {"angle": 45, "axis": "x", "origin": [7, 12.34375, 2.84375]},
			"faces": {
				"north": {"uv": [14, 8, 0, 9], "texture": "#ties"},
				"east": {"uv": [13, 10, 14, 8], "rotation": 270, "texture": "#ties"},
				"south": {"uv": [14, 9, 0, 10], "texture": "#ties"},
				"west": {"uv": [0, 8, 1, 10], "rotation": 270, "texture": "#ties"},
				"up": {"uv": [0, 8, 14, 10], "texture": "#ties"},
				"down": {"uv": [0, 10, 14, 8], "texture": "#ties"}
			}
		},
		{
			"name": "Box3",
			"from": [1, 12.3437, 4.3437],
			"to": [15, 13.3437, 6.3437],
			"rotation": {"angle": 45, "axis": "x", "origin": [7, 12.34375, 2.84375]},
			"faces": {
				"north": {"uv": [14, 10, 0, 11], "texture": "#ties"},
				"east": {"uv": [13, 12, 14, 10], "rotation": 270, "texture": "#ties"},
				"south": {"uv": [0, 11, 14, 12], "texture": "#ties"},
				"west": {"uv": [0, 10, 1, 12], "rotation": 270, "texture": "#ties"},
				"up": {"uv": [0, 10, 14, 12], "texture": "#ties"},
				"down": {"uv": [0, 12, 14, 10], "texture": "#ties"}
			}
		},
		{
			"name": "Box4",
			"from": [1, 12.3438, 10.3438],
			"to": [15, 13.3438, 12.3438],
			"rotation": {"angle": 45, "axis": "x", "origin": [7, 12.34375, 2.84375]},
			"faces": {
				"north": {"uv": [14, 12, 0, 13], "texture": "#ties"},
				"east": {"uv": [13, 14, 14, 12], "rotation": 270, "texture": "#ties"},
				"south": {"uv": [0, 13, 14, 14], "texture": "#ties"},
				"west": {"uv": [0, 12, 1, 14], "rotation": 270, "texture": "#ties"},
				"up": {"uv": [0, 12, 14, 14], "texture": "#ties"},
				"down": {"uv": [0, 14, 14, 12], "texture": "#ties"}
			}
		},
		{
			"name": "Box5",
			"from": [1, 12.3437, 15.8438],
			"to": [15, 13.3437, 17.8438],
			"rotation": {"angle": 45, "axis": "x", "origin": [7, 12.34375, 2.84375]},
			"faces": {
				"north": {"uv": [14, 14, 0, 15], "texture": "#ties"},
				"east": {"uv": [13, 16, 14, 14], "rotation": 270, "texture": "#ties"},
				"south": {"uv": [0, 15, 14, 16], "texture": "#ties"},
				"west": {"uv": [0, 14, 1, 16], "rotation": 270, "texture": "#ties"},
				"up": {"uv": [0, 14, 14, 16], "texture": "#ties"},
				"down": {"uv": [0, 16, 14, 14], "texture": "#ties"}
			}
		},
		{
			"name": "Box7",
			"from": [5, 10.4375, 5.375],
			"to": [11, 11.4375, 11.375],
			"rotation": {"angle": 45, "axis": "x", "origin": [6, 10.9375, 6.375]},
			"faces": {
				"north": {"uv": [16, 6, 10, 7], "texture": "#rails"},
				"east": {"uv": [15, 12, 16, 6], "rotation": 270, "texture": "#rails"},
				"south": {"uv": [10, 11, 16, 12], "texture": "#rails"},
				"west": {"uv": [11, 6, 10, 12], "rotation": 270, "texture": "#rails"},
				"up": {"uv": [10, 6, 16, 12], "texture": "#rails"},
				"down": {"uv": [10, 12, 16, 6], "texture": "#rails"}
			}
		},
		{
			"name": "Box8",
			"from": [6, 10.9375, 6.375],
			"to": [10, 11.9375, 10.375],
			"rotation": {"angle": 45, "axis": "x", "origin": [6, 10.9375, 6.375]},
			"faces": {
				"north": {"uv": [16, 12, 12, 13], "texture": "#rails"},
				"east": {"uv": [15, 12, 16, 16], "rotation": 90, "texture": "#rails"},
				"south": {"uv": [12, 15, 16, 16], "texture": "#rails"},
				"west": {"uv": [12, 12, 13, 16], "rotation": 270, "texture": "#rails"},
				"up": {"uv": [12, 12, 16, 16], "texture": "#rails"}
			}
		},
		{
			"name": "Box9",
			"from": [2, 17.3125, -0.6875],
			"to": [4, 18.28125, 22.375],
			"rotation": {"angle": 45, "axis": "x", "origin": [2, 17.3125, -0.6875]},
			"faces": {
				"north": {"uv": [2, 0, 0, 1], "texture": "#rails"},
				"east": {"uv": [1, 0, 2, 16], "rotation": 90, "texture": "#rails"},
				"south": {"uv": [0, 15, 2, 16], "texture": "#rails"},
				"west": {"uv": [0, 0, 1, 16], "rotation": 270, "texture": "#rails"},
				"up": {"uv": [0, 0, 2, 16], "texture": "#rails"},
				"down": {"uv": [0, 16, 2, 0], "texture": "#rails"}
			}
		}
	]
}