{
	"credit": "Created by Mickey Joe Alpha - http://YouTube.com/@MushirMickeyJoe",
	"textures": {
		"top": "block/dispenser_front_vertical",
		"bottom": "block/dispenser_bottom",
		"inside": "block/furnace_misc",
		"particle": "block/dispenser_side_vertical"
	},
	"elements": [
		{
			"from": [0, 0, 0],
			"to": [16, 12, 16],
			"faces": {
				"north": {"uv": [0, 4, 16, 16], "texture": "#particle", "cullface": "north"},
				"east": {"uv": [0, 4, 16, 16], "texture": "#particle", "cullface": "east"},
				"south": {"uv": [0, 4, 16, 16], "texture": "#particle", "cullface": "south"},
				"west": {"uv": [0, 4, 16, 16], "texture": "#particle", "cullface": "west"},
				"up": {"uv": [6, 6, 10, 10], "texture": "#top", "cullface": "up"},
				"down": {"uv": [0, 0, 16, 16], "texture": "#bottom", "cullface": "down"}
			}
		},
		{
			"from": [0, 12, 0],
			"to": [16, 16, 6],
			"faces": {
				"north": {"uv": [0, 0, 16, 4], "texture": "#particle", "cullface": "north"},
				"east": {"uv": [10, 0, 16, 4], "texture": "#particle", "cullface": "east"},
				"south": {"uv": [16, 12, 0, 16], "rotation": 180, "texture": "#inside", "cullface": "up"},
				"west": {"uv": [0, 0, 6, 4], "texture": "#particle", "cullface": "west"},
				"up": {"uv": [0, 0, 16, 6], "texture": "#top", "cullface": "up"}
			}
		},
		{
			"from": [0, 12, 6],
			"to": [6, 16, 10],
			"faces": {
				"east": {"uv": [10, 12, 6, 16], "rotation": 180, "texture": "#inside", "cullface": "up"},
				"west": {"uv": [6, 0, 10, 4], "texture": "#particle", "cullface": "west"},
				"up": {"uv": [0, 6, 6, 10], "texture": "#top", "cullface": "up"}
			}
		},
		{
			"from": [10, 12, 6],
			"to": [16, 16, 10],
			"faces": {
				"east": {"uv": [6, 0, 10, 4], "texture": "#particle", "cullface": "east"},
				"west": {"uv": [10, 0, 6, 4], "texture": "#inside", "cullface": "up"},
				"up": {"uv": [10, 6, 16, 10], "texture": "#top", "cullface": "up"}
			}
		},
		{
			"from": [0, 12, 10],
			"to": [16, 16, 16],
			"faces": {
				"north": {"uv": [16, 0, 0, 4], "texture": "#inside", "cullface": "up"},
				"east": {"uv": [0, 0, 6, 4], "texture": "#particle", "cullface": "east"},
				"south": {"uv": [0, 0, 16, 4], "texture": "#particle", "cullface": "south"},
				"west": {"uv": [10, 0, 16, 4], "texture": "#particle", "cullface": "west"},
				"up": {"uv": [0, 10, 16, 16], "texture": "#top", "cullface": "up"}
			}
		}
	]
}