{
	"credit": "Created by Mickey Joe Alpha - http://YouTube.com/@MushirMickeyJoe",
	"parent": "block/dried_ghast_hydration_0",
	"textures": {
		"tentacles": "block/dried_ghast_tentacles_hydration_1",
		"particle": "block/dried_ghast_hydration_1_north"
	},
	"elements": [
		{
			"from": [3, 0.25, 8],
			"to": [13, 7.25, 8],
			"shade": false,
			"rotation": {"angle": 0, "axis": "y", "origin": [4, 0.25, 8]},
			"faces": {
				"north": {"uv": [0, 0, 10, 10], "texture": "#particle"},
				"south": {"uv": [0, 0, 10, 10], "texture": "#particle"}
			}
		},
		{
			"name": "dried_ghast_tentacles_hydration_0_0",
			"from": [10, 0.25, 1],
			"to": [12, 0.25, 2],
			"shade": false,
			"rotation": {"angle": 0, "axis": "y", "origin": [0, 0.25, 0]},
			"faces": {
				"up": {"uv": [10, 1, 12, 2], "texture": "#tentacles"}
			}
		},
		{
			"name": "dried_ghast_tentacles_hydration_0_1",
			"from": [9, 0.25, 2],
			"to": [10, 0.25, 4],
			"shade": false,
			"rotation": {"angle": 0, "axis": "y", "origin": [0, 0.25, 0]},
			"faces": {
				"up": {"uv": [9, 2, 10, 4], "texture": "#tentacles"}
			}
		},
		{
			"name": "dried_ghast_tentacles_hydration_0_2",
			"from": [12, 0.25, 2],
			"to": [13, 0.25, 4],
			"shade": false,
			"rotation": {"angle": 0, "axis": "y", "origin": [0, 0.25, 0]},
			"faces": {
				"up": {"uv": [12, 2, 13, 4], "texture": "#tentacles"}
			}
		},
		{
			"name": "dried_ghast_tentacles_hydration_0_3",
			"from": [1, 0.25, 3],
			"to": [3, 0.25, 4],
			"shade": false,
			"rotation": {"angle": 0, "axis": "y", "origin": [0, 0.25, 0]},
			"faces": {
				"up": {"uv": [1, 3, 3, 4], "texture": "#tentacles"}
			}
		},
		{
			"name": "dried_ghast_tentacles_hydration_0_4",
			"from": [13, 0.25, 3],
			"to": [14, 0.25, 4],
			"shade": false,
			"rotation": {"angle": 0, "axis": "y", "origin": [0, 0.25, 0]},
			"faces": {
				"up": {"uv": [13, 3, 14, 4], "texture": "#tentacles"}
			}
		},
		{
			"name": "dried_ghast_tentacles_hydration_0_5",
			"from": [0, 0.25, 4],
			"to": [1, 0.25, 5],
			"shade": false,
			"rotation": {"angle": 0, "axis": "y", "origin": [0, 0.25, 0]},
			"faces": {
				"up": {"uv": [0, 4, 1, 5], "texture": "#tentacles"}
			}
		},
		{
			"name": "dried_ghast_tentacles_hydration_0_6",
			"from": [3, 0.25, 4],
			"to": [5, 0.25, 6],
			"shade": false,
			"rotation": {"angle": 0, "axis": "y", "origin": [0, 0.25, 0]},
			"faces": {
				"up": {"uv": [3, 4, 5, 6], "texture": "#tentacles"}
			}
		},
		{
			"name": "dried_ghast_tentacles_hydration_0_7",
			"from": [5, 0.25, 4],
			"to": [6, 0.25, 5],
			"shade": false,
			"rotation": {"angle": 0, "axis": "y", "origin": [0, 0.25, 0]},
			"faces": {
				"up": {"uv": [5, 4, 6, 5], "texture": "#tentacles"}
			}
		},
		{
			"name": "dried_ghast_tentacles_hydration_0_8",
			"from": [8, 0.25, 4],
			"to": [9, 0.25, 13],
			"shade": false,
			"rotation": {"angle": 0, "axis": "y", "origin": [0, 0.25, 0]},
			"faces": {
				"up": {"uv": [8, 4, 9, 13], "texture": "#tentacles"}
			}
		},
		{
			"name": "dried_ghast_tentacles_hydration_0_9",
			"from": [11, 0.25, 4],
			"to": [12, 0.25, 6],
			"shade": false,
			"rotation": {"angle": 0, "axis": "y", "origin": [0, 0.25, 0]},
			"faces": {
				"up": {"uv": [11, 4, 12, 6], "texture": "#tentacles"}
			}
		},
		{
			"name": "dried_ghast_tentacles_hydration_0_10",
			"from": [14, 0.25, 4],
			"to": [15, 0.25, 6],
			"shade": false,
			"rotation": {"angle": 0, "axis": "y", "origin": [0, 0.25, 0]},
			"faces": {
				"up": {"uv": [14, 4, 15, 6], "texture": "#tentacles"}
			}
		},
		{
			"name": "dried_ghast_tentacles_hydration_0_11",
			"from": [6, 0.25, 5],
			"to": [7, 0.25, 6],
			"shade": false,
			"rotation": {"angle": 0, "axis": "y", "origin": [0, 0.25, 0]},
			"faces": {
				"up": {"uv": [6, 5, 7, 6], "texture": "#tentacles"}
			}
		},
		{
			"name": "dried_ghast_tentacles_hydration_0_12",
			"from": [5, 0.25, 6],
			"to": [6, 0.25, 7],
			"shade": false,
			"rotation": {"angle": 0, "axis": "y", "origin": [0, 0.25, 0]},
			"faces": {
				"up": {"uv": [5, 6, 6, 7], "texture": "#tentacles"}
			}
		},
		{
			"name": "dried_ghast_tentacles_hydration_0_13",
			"from": [7, 0.25, 6],
			"to": [8, 0.25, 9],
			"shade": false,
			"rotation": {"angle": 0, "axis": "y", "origin": [0, 0.25, 0]},
			"faces": {
				"up": {"uv": [7, 6, 8, 9], "texture": "#tentacles"}
			}
		},
		{
			"name": "dried_ghast_tentacles_hydration_0_14",
			"from": [10, 0.25, 6],
			"to": [11, 0.25, 7],
			"shade": false,
			"rotation": {"angle": 0, "axis": "y", "origin": [0, 0.25, 0]},
			"faces": {
				"up": {"uv": [10, 6, 11, 7], "texture": "#tentacles"}
			}
		},
		{
			"name": "dried_ghast_tentacles_hydration_0_15",
			"from": [13, 0.25, 6],
			"to": [14, 0.25, 7],
			"shade": false,
			"rotation": {"angle": 0, "axis": "y", "origin": [0, 0.25, 0]},
			"faces": {
				"up": {"uv": [13, 6, 14, 7], "texture": "#tentacles"}
			}
		},
		{
			"name": "dried_ghast_tentacles_hydration_0_16",
			"from": [6, 0.25, 7],
			"to": [7, 0.25, 10],
			"shade": false,
			"rotation": {"angle": 0, "axis": "y", "origin": [0, 0.25, 0]},
			"faces": {
				"up": {"uv": [6, 7, 7, 10], "texture": "#tentacles"}
			}
		},
		{
			"name": "dried_ghast_tentacles_hydration_0_17",
			"from": [9, 0.25, 7],
			"to": [10, 0.25, 9],
			"shade": false,
			"rotation": {"angle": 0, "axis": "y", "origin": [0, 0.25, 0]},
			"faces": {
				"up": {"uv": [9, 7, 10, 9], "texture": "#tentacles"}
			}
		},
		{
			"name": "dried_ghast_tentacles_hydration_0_18",
			"from": [10, 0.25, 8],
			"to": [11, 0.25, 9],
			"shade": false,
			"rotation": {"angle": 0, "axis": "y", "origin": [0, 0.25, 0]},
			"faces": {
				"up": {"uv": [10, 8, 11, 9], "texture": "#tentacles"}
			}
		},
		{
			"name": "dried_ghast_tentacles_hydration_0_19",
			"from": [14, 0.25, 8],
			"to": [15, 0.25, 9],
			"shade": false,
			"rotation": {"angle": 0, "axis": "y", "origin": [0, 0.25, 0]},
			"faces": {
				"up": {"uv": [14, 8, 15, 9], "texture": "#tentacles"}
			}
		},
		{
			"name": "dried_ghast_tentacles_hydration_0_20",
			"from": [2, 0.25, 9],
			"to": [3, 0.25, 10],
			"shade": false,
			"rotation": {"angle": 0, "axis": "y", "origin": [0, 0.25, 0]},
			"faces": {
				"up": {"uv": [2, 9, 3, 10], "texture": "#tentacles"}
			}
		},
		{
			"name": "dried_ghast_tentacles_hydration_0_21",
			"from": [5, 0.25, 9],
			"to": [6, 0.25, 14],
			"shade": false,
			"rotation": {"angle": 0, "axis": "y", "origin": [0, 0.25, 0]},
			"faces": {
				"up": {"uv": [5, 9, 6, 14], "texture": "#tentacles"}
			}
		},
		{
			"name": "dried_ghast_tentacles_hydration_0_22",
			"from": [11, 0.25, 9],
			"to": [12, 0.25, 10],
			"shade": false,
			"rotation": {"angle": 0, "axis": "y", "origin": [0, 0.25, 0]},
			"faces": {
				"up": {"uv": [11, 9, 12, 10], "texture": "#tentacles"}
			}
		},
		{
			"name": "dried_ghast_tentacles_hydration_0_23",
			"from": [15, 0.25, 9],
			"to": [16, 0.25, 11],
			"shade": false,
			"rotation": {"angle": 0, "axis": "y", "origin": [0, 0.25, 0]},
			"faces": {
				"up": {"uv": [15, 9, 16, 11], "texture": "#tentacles"}
			}
		},
		{
			"name": "dried_ghast_tentacles_hydration_0_24",
			"from": [1, 0.25, 10],
			"to": [2, 0.25, 12],
			"shade": false,
			"rotation": {"angle": 0, "axis": "y", "origin": [0, 0.25, 0]},
			"faces": {
				"up": {"uv": [1, 10, 2, 12], "texture": "#tentacles"}
			}
		},
		{
			"name": "dried_ghast_tentacles_hydration_0_25",
			"from": [10, 0.25, 10],
			"to": [11, 0.25, 11],
			"shade": false,
			"rotation": {"angle": 0, "axis": "y", "origin": [0, 0.25, 0]},
			"faces": {
				"up": {"uv": [10, 10, 11, 11], "texture": "#tentacles"}
			}
		},
		{
			"name": "dried_ghast_tentacles_hydration_0_26",
			"from": [12, 0.25, 10],
			"to": [13, 0.25, 11],
			"shade": false,
			"rotation": {"angle": 0, "axis": "y", "origin": [0, 0.25, 0]},
			"faces": {
				"up": {"uv": [12, 10, 13, 11], "texture": "#tentacles"}
			}
		},
		{
			"name": "dried_ghast_tentacles_hydration_0_27",
			"from": [4, 0.25, 11],
			"to": [5, 0.25, 12],
			"shade": false,
			"rotation": {"angle": 0, "axis": "y", "origin": [0, 0.25, 0]},
			"faces": {
				"up": {"uv": [4, 11, 5, 12], "texture": "#tentacles"}
			}
		},
		{
			"name": "dried_ghast_tentacles_hydration_0_28",
			"from": [11, 0.25, 11],
			"to": [12, 0.25, 13],
			"shade": false,
			"rotation": {"angle": 0, "axis": "y", "origin": [0, 0.25, 0]},
			"faces": {
				"up": {"uv": [11, 11, 12, 13], "texture": "#tentacles"}
			}
		},
		{
			"name": "dried_ghast_tentacles_hydration_0_29",
			"from": [13, 0.25, 11],
			"to": [15, 0.25, 12],
			"shade": false,
			"rotation": {"angle": 0, "axis": "y", "origin": [0, 0.25, 0]},
			"faces": {
				"up": {"uv": [13, 11, 15, 12], "texture": "#tentacles"}
			}
		},
		{
			"name": "dried_ghast_tentacles_hydration_0_30",
			"from": [2, 0.25, 12],
			"to": [4, 0.25, 13],
			"shade": false,
			"rotation": {"angle": 0, "axis": "y", "origin": [0, 0.25, 0]},
			"faces": {
				"up": {"uv": [2, 12, 4, 13], "texture": "#tentacles"}
			}
		},
		{
			"name": "dried_ghast_tentacles_hydration_0_31",
			"from": [2, 0.25, 13],
			"to": [3, 0.25, 14],
			"shade": false,
			"rotation": {"angle": 0, "axis": "y", "origin": [0, 0.25, 0]},
			"faces": {
				"up": {"uv": [2, 13, 3, 14], "texture": "#tentacles"}
			}
		},
		{
			"name": "dried_ghast_tentacles_hydration_0_32",
			"from": [9, 0.25, 13],
			"to": [11, 0.25, 14],
			"shade": false,
			"rotation": {"angle": 0, "axis": "y", "origin": [0, 0.25, 0]},
			"faces": {
				"up": {"uv": [9, 13, 11, 14], "texture": "#tentacles"}
			}
		},
		{
			"name": "dried_ghast_tentacles_hydration_0_33",
			"from": [3, 0.25, 14],
			"to": [5, 0.25, 15],
			"shade": false,
			"rotation": {"angle": 0, "axis": "y", "origin": [0, 0.25, 0]},
			"faces": {
				"up": {"uv": [3, 14, 5, 15], "texture": "#tentacles"}
			}
		}
	]
}