{
	"format_version": "1.21.11",
	"credit": "Created by Mickey Joe Alpha - http://YouTube.com/@MushirMickeyJoe",
	"parent": "block/block",
	"textures": {
		"top": "block/enchanting_table_top",
		"bottom": "block/enchanting_table_bottom",
		"particle": "block/enchanting_table_side"
	},
	"elements": [
		{
			"from": [0, 0, 0],
			"to": [16, 11, 16],
			"faces": {
				"north": {"uv": [0, 5, 16, 16], "texture": "#particle", "cullface": "north"},
				"east": {"uv": [0, 5, 16, 16], "texture": "#particle", "cullface": "east"},
				"south": {"uv": [0, 5, 16, 16], "texture": "#particle", "cullface": "south"},
				"west": {"uv": [0, 5, 16, 16], "texture": "#particle", "cullface": "west"},
				"up": {"uv": [0, 0, 16, 16], "texture": "#top"},
				"down": {"uv": [0, 0, 16, 16], "texture": "#bottom", "cullface": "down"}
			}
		},
		{
			"from": [-1, 7, -1],
			"to": [4, 12, 4],
			"light_emission": 8,
			"rotation": {"x": 0, "y": 0, "z": 0, "origin": [2, 9.5, 1.5]},
			"faces": {
				"north": {"uv": [0, 5, 5, 0], "rotation": 180, "texture": "#particle"},
				"east": {"uv": [0, 0, 5, 5], "texture": "#particle"},
				"south": {"uv": [0, 0, 5, 5], "texture": "#particle"},
				"west": {"uv": [5, 0, 0, 5], "texture": "#particle"},
				"up": {"uv": [5, 0, 0, 5], "rotation": 180, "texture": "#particle"}
			}
		},
		{
			"from": [12, 7, -1],
			"to": [17, 12, 4],
			"light_emission": 8,
			"rotation": {"x": 0, "y": 0, "z": 0, "origin": [15, 9.5, 1.5]},
			"faces": {
				"north": {"uv": [0, 5, 5, 0], "rotation": 180, "texture": "#particle"},
				"east": {"uv": [5, 0, 0, 5], "texture": "#particle"},
				"south": {"uv": [0, 0, 5, 5], "texture": "#particle"},
				"west": {"uv": [5, 0, 0, 5], "texture": "#particle"},
				"up": {"uv": [5, 0, 0, 5], "rotation": 180, "texture": "#particle"}
			}
		},
		{
			"from": [12, 7, 12],
			"to": [17, 12, 17],
			"light_emission": 8,
			"rotation": {"x": 0, "y": 0, "z": 0, "origin": [15, 9.5, 14.5]},
			"faces": {
				"north": {"uv": [0, 5, 5, 0], "rotation": 180, "texture": "#particle"},
				"east": {"uv": [5, 0, 0, 5], "texture": "#particle"},
				"south": {"uv": [5, 0, 0, 5], "texture": "#particle"},
				"west": {"uv": [5, 0, 0, 5], "texture": "#particle"},
				"up": {"uv": [5, 0, 0, 5], "rotation": 180, "texture": "#particle"}
			}
		},
		{
			"from": [-1, 7, 12],
			"to": [4, 12, 17],
			"light_emission": 8,
			"rotation": {"x": 0, "y": 0, "z": 0, "origin": [2, 9.5, 14.5]},
			"faces": {
				"north": {"uv": [0, 5, 5, 0], "rotation": 180, "texture": "#particle"},
				"east": {"uv": [0, 0, 5, 5], "texture": "#particle"},
				"south": {"uv": [5, 0, 0, 5], "texture": "#particle"},
				"west": {"uv": [5, 0, 0, 5], "texture": "#particle"},
				"up": {"uv": [5, 0, 0, 5], "rotation": 180, "texture": "#particle"}
			}
		},
		{
			"from": [-1.825, 8.155, 1.5],
			"to": [-0.675, 9.165, 1.5],
			"light_emission": 4,
			"rotation": {"x": 0, "y": 90, "z": 0, "origin": [-1.25, 8.66, 1.5]},
			"faces": {
				"north": {"uv": [12, 4, 13, 3], "rotation": 180, "texture": "#particle"},
				"south": {"uv": [12, 4, 13, 3], "rotation": 180, "texture": "#particle"}
			}
		},
		{
			"from": [-1.25, 7, -1.25],
			"to": [4.25, 8.16, 4.25],
			"light_emission": 4,
			"rotation": {"x": 0, "y": 0, "z": 0, "origin": [1.5, 9.75, 1]},
			"faces": {
				"north": {"uv": [10, 5, 15, 4], "rotation": 180, "texture": "#particle"},
				"east": {"uv": [10, 5, 15, 4], "rotation": 180, "texture": "#particle"},
				"south": {"uv": [10, 5, 15, 4], "rotation": 180, "texture": "#particle"},
				"west": {"uv": [10, 5, 15, 4], "rotation": 180, "texture": "#particle"},
				"down": {"uv": [5, 0, 10, 5], "rotation": 90, "texture": "#particle"}
			}
		},
		{
			"from": [0.9, 8.155, -1.25],
			"to": [2.05, 9.165, -1.25],
			"light_emission": 4,
			"rotation": {"x": 0, "y": 0, "z": 0, "origin": [1.65, 10.975, 0.75]},
			"faces": {
				"north": {"uv": [12, 4, 13, 3], "rotation": 180, "texture": "#particle"},
				"south": {"uv": [12, 4, 13, 3], "rotation": 180, "texture": "#particle"}
			}
		},
		{
			"from": [-5.75, 2.5, 4.25],
			"to": [-11.25, 1.34, -1.25],
			"light_emission": 4,
			"rotation": {"x": 0, "y": 0, "z": 180, "origin": [-3.5, 4.75, 7]},
			"faces": {
				"north": {"uv": [15, 5, 10, 4], "rotation": 180, "texture": "#particle"},
				"east": {"uv": [15, 5, 10, 4], "rotation": 180, "texture": "#particle"},
				"south": {"uv": [15, 5, 10, 4], "rotation": 180, "texture": "#particle"},
				"west": {"uv": [15, 5, 10, 4], "rotation": 180, "texture": "#particle"},
				"down": {"uv": [10, 0, 5, 5], "rotation": 90, "texture": "#particle"}
			}
		},
		{
			"from": [1.5, 8.155, 16.675],
			"to": [1.5, 9.165, 17.825],
			"light_emission": 4,
			"rotation": {"x": 0, "y": 90, "z": 0, "origin": [1.5, 8.66, 17.25]},
			"faces": {
				"east": {"uv": [12, 4, 13, 3], "rotation": 180, "texture": "#particle"},
				"west": {"uv": [12, 4, 13, 3], "rotation": 180, "texture": "#particle"}
			}
		},
		{
			"from": [-1.25, 7, 11.75],
			"to": [4.25, 8.16, 17.25],
			"light_emission": 4,
			"rotation": {"x": 0, "y": 0, "z": 0, "origin": [1, 9.75, 14.5]},
			"faces": {
				"north": {"uv": [10, 5, 15, 4], "rotation": 180, "texture": "#particle"},
				"east": {"uv": [10, 5, 15, 4], "rotation": 180, "texture": "#particle"},
				"south": {"uv": [10, 5, 15, 4], "rotation": 180, "texture": "#particle"},
				"west": {"uv": [10, 5, 15, 4], "rotation": 180, "texture": "#particle"},
				"down": {"uv": [5, 0, 10, 5], "rotation": 180, "texture": "#particle"}
			}
		},
		{
			"from": [-1.25, 8.155, 13.95],
			"to": [-1.25, 9.165, 15.1],
			"light_emission": 4,
			"rotation": {"x": 0, "y": 0, "z": 0, "origin": [0.75, 10.975, 14.35]},
			"faces": {
				"east": {"uv": [12, 4, 13, 3], "rotation": 180, "texture": "#particle"},
				"west": {"uv": [12, 4, 13, 3], "rotation": 180, "texture": "#particle"}
			}
		},
		{
			"from": [4.25, 2.5, 27.25],
			"to": [-1.25, 1.34, 21.75],
			"light_emission": 4,
			"rotation": {"x": 180, "y": 0, "z": 0, "origin": [7, 4.75, 19.5]},
			"faces": {
				"north": {"uv": [15, 5, 10, 4], "rotation": 180, "texture": "#particle"},
				"east": {"uv": [15, 5, 10, 4], "rotation": 180, "texture": "#particle"},
				"south": {"uv": [15, 5, 10, 4], "rotation": 180, "texture": "#particle"},
				"west": {"uv": [15, 5, 10, 4], "rotation": 180, "texture": "#particle"},
				"down": {"uv": [10, 0, 5, 5], "rotation": 180, "texture": "#particle"}
			}
		},
		{
			"from": [16.675, 8.155, 14.5],
			"to": [17.825, 9.165, 14.5],
			"light_emission": 4,
			"rotation": {"x": 0, "y": 90, "z": 0, "origin": [17.25, 8.66, 14.5]},
			"faces": {
				"north": {"uv": [12, 4, 13, 3], "rotation": 180, "texture": "#particle"},
				"south": {"uv": [12, 4, 13, 3], "rotation": 180, "texture": "#particle"}
			}
		},
		{
			"from": [11.75, 7, 11.75],
			"to": [17.25, 8.16, 17.25],
			"light_emission": 4,
			"rotation": {"x": 0, "y": 0, "z": 0, "origin": [14.5, 9.75, 15]},
			"faces": {
				"north": {"uv": [10, 5, 15, 4], "rotation": 180, "texture": "#particle"},
				"east": {"uv": [10, 5, 15, 4], "rotation": 180, "texture": "#particle"},
				"south": {"uv": [10, 5, 15, 4], "rotation": 180, "texture": "#particle"},
				"west": {"uv": [10, 5, 15, 4], "rotation": 180, "texture": "#particle"},
				"down": {"uv": [5, 0, 10, 5], "rotation": 270, "texture": "#particle"}
			}
		},
		{
			"from": [13.95, 8.155, 17.25],
			"to": [15.1, 9.165, 17.25],
			"light_emission": 4,
			"rotation": {"x": 0, "y": 0, "z": 0, "origin": [14.35, 10.975, 15.25]},
			"faces": {
				"north": {"uv": [12, 4, 13, 3], "rotation": 180, "texture": "#particle"},
				"south": {"uv": [12, 4, 13, 3], "rotation": 180, "texture": "#particle"}
			}
		},
		{
			"from": [27.25, 2.5, 17.25],
			"to": [21.75, 1.34, 11.75],
			"light_emission": 4,
			"rotation": {"x": 0, "y": 0, "z": -180, "origin": [19.5, 4.75, 9]},
			"faces": {
				"north": {"uv": [15, 5, 10, 4], "rotation": 180, "texture": "#particle"},
				"east": {"uv": [15, 5, 10, 4], "rotation": 180, "texture": "#particle"},
				"south": {"uv": [15, 5, 10, 4], "rotation": 180, "texture": "#particle"},
				"west": {"uv": [15, 5, 10, 4], "rotation": 180, "texture": "#particle"},
				"down": {"uv": [10, 0, 5, 5], "rotation": 270, "texture": "#particle"}
			}
		},
		{
			"from": [14.5, 8.155, -1.825],
			"to": [14.5, 9.165, -0.675],
			"light_emission": 4,
			"rotation": {"x": 0, "y": 90, "z": 0, "origin": [14.5, 8.66, -1.25]},
			"faces": {
				"east": {"uv": [12, 4, 13, 3], "rotation": 180, "texture": "#particle"},
				"west": {"uv": [12, 4, 13, 3], "rotation": 180, "texture": "#particle"}
			}
		},
		{
			"from": [11.75, 7, -1.25],
			"to": [17.25, 8.16, 4.25],
			"light_emission": 4,
			"rotation": {"x": 0, "y": 0, "z": 0, "origin": [15, 9.75, 1.5]},
			"faces": {
				"north": {"uv": [10, 5, 15, 4], "rotation": 180, "texture": "#particle"},
				"east": {"uv": [10, 5, 15, 4], "rotation": 180, "texture": "#particle"},
				"south": {"uv": [10, 5, 15, 4], "rotation": 180, "texture": "#particle"},
				"west": {"uv": [10, 5, 15, 4], "rotation": 180, "texture": "#particle"},
				"down": {"uv": [5, 0, 10, 5], "texture": "#particle"}
			}
		},
		{
			"from": [17.25, 8.155, 0.9],
			"to": [17.25, 9.165, 2.05],
			"light_emission": 4,
			"rotation": {"x": 0, "y": 0, "z": 0, "origin": [15.25, 10.975, 1.65]},
			"faces": {
				"east": {"uv": [12, 4, 13, 3], "rotation": 180, "texture": "#particle"},
				"west": {"uv": [12, 4, 13, 3], "rotation": 180, "texture": "#particle"}
			}
		},
		{
			"from": [17.25, 2.5, -5.75],
			"to": [11.75, 1.34, -11.25],
			"light_emission": 4,
			"rotation": {"x": -180, "y": 0, "z": 0, "origin": [9, 4.75, -3.5]},
			"faces": {
				"north": {"uv": [15, 5, 10, 4], "rotation": 180, "texture": "#particle"},
				"east": {"uv": [15, 5, 10, 4], "rotation": 180, "texture": "#particle"},
				"south": {"uv": [15, 5, 10, 4], "rotation": 180, "texture": "#particle"},
				"west": {"uv": [15, 5, 10, 4], "rotation": 180, "texture": "#particle"},
				"down": {"uv": [10, 0, 5, 5], "texture": "#particle"}
			}
		}
	]
}