{
	"credit": "Created by Mickey Joe Alpha - http://YouTube.com/@MushirMickeyJoe",
	"ambientocclusion": false,
	"textures": {
		"particle": "block/fern"
	},
	"elements": [
		{
			"from": [9.2, 0, 4],
			"to": [9.2, 13, 11],
			"shade": false,
			"rotation": {"angle": 45, "axis": "z", "origin": [9.2, 0, 7]},
			"faces": {
				"east": {"uv": [11, 16, 4, 3], "rotation": 180, "texture": "#particle", "tintindex": 0},
				"west": {"uv": [4, 16, 11, 3], "rotation": 180, "texture": "#particle", "tintindex": 0}
			}
		},
		{
			"from": [5.2, 4, 7],
			"to": [9.2, 16, 7],
			"shade": false,
			"rotation": {"angle": 45, "axis": "z", "origin": [9.2, 0, 7]},
			"faces": {
				"north": {"uv": [11, 0, 15, 12], "texture": "#particle", "tintindex": 0},
				"south": {"uv": [15, 0, 11, 12], "texture": "#particle", "tintindex": 0}
			}
		},
		{
			"from": [6.8, 0, 5],
			"to": [6.8, 13, 12],
			"shade": false,
			"rotation": {"angle": -45, "axis": "z", "origin": [6.8, 0, 8]},
			"faces": {
				"east": {"uv": [4, 16, 11, 3], "rotation": 180, "texture": "#particle", "tintindex": 0},
				"west": {"uv": [11, 16, 4, 3], "rotation": 180, "texture": "#particle", "tintindex": 0}
			}
		},
		{
			"from": [6.8, 4, 9],
			"to": [10.8, 16, 9],
			"shade": false,
			"rotation": {"angle": -45, "axis": "z", "origin": [6.8, 0, 9]},
			"faces": {
				"north": {"uv": [15, 0, 11, 12], "texture": "#particle", "tintindex": 0},
				"south": {"uv": [11, 0, 15, 12], "texture": "#particle", "tintindex": 0}
			}
		},
		{
			"from": [8, 4, 5.2],
			"to": [8, 16, 9.2],
			"shade": false,
			"rotation": {"angle": -45, "axis": "x", "origin": [8, 0, 9.2]},
			"faces": {
				"east": {"uv": [11, 0, 15, 12], "texture": "#particle", "tintindex": 0},
				"west": {"uv": [15, 0, 11, 12], "texture": "#particle", "tintindex": 0}
			}
		},
		{
			"from": [5, 0, 9.2],
			"to": [12, 13, 9.2],
			"shade": false,
			"rotation": {"angle": -45, "axis": "x", "origin": [8, 0, 9.2]},
			"faces": {
				"north": {"uv": [4, 16, 11, 3], "rotation": 180, "texture": "#particle", "tintindex": 0},
				"south": {"uv": [11, 16, 4, 3], "rotation": 180, "texture": "#particle", "tintindex": 0}
			}
		},
		{
			"from": [4, 0, 6.8],
			"to": [11, 13, 6.8],
			"shade": false,
			"rotation": {"angle": 45, "axis": "x", "origin": [7, 0, 6.8]},
			"faces": {
				"north": {"uv": [11, 16, 4, 3], "rotation": 180, "texture": "#particle", "tintindex": 0},
				"south": {"uv": [4, 16, 11, 3], "rotation": 180, "texture": "#particle", "tintindex": 0}
			}
		},
		{
			"from": [7, 4, 6.8],
			"to": [7, 16, 10.8],
			"shade": false,
			"rotation": {"angle": 45, "axis": "x", "origin": [7, 0, 6.8]},
			"faces": {
				"east": {"uv": [15, 0, 11, 12], "texture": "#particle", "tintindex": 0},
				"west": {"uv": [11, 0, 15, 12], "texture": "#particle", "tintindex": 0}
			}
		}
	],
	"gui_light": "front",
	"display": {
		"thirdperson_righthand": {
			"rotation": [0, 45, 0],
			"translation": [-0.25, 3, 1.75],
			"scale": [0.375, 0.375, 0.375]
		},
		"thirdperson_lefthand": {
			"rotation": [0, 45, 0],
			"translation": [-0.25, 3, 1.75],
			"scale": [0.375, 0.375, 0.375]
		},
		"firstperson_righthand": {
			"rotation": [0, 60, 0],
			"translation": [2.25, 2.75, 0],
			"scale": [0.4, 0.4, 0.4]
		},
		"firstperson_lefthand": {
			"rotation": [0, 60, 0],
			"translation": [2.25, 2.75, 0],
			"scale": [0.4, 0.4, 0.4]
		},
		"ground": {
			"translation": [0, 3.75, 0],
			"scale": [0.5, 0.5, 0.5]
		},
		"gui": {
			"rotation": [30, 225, 0],
			"translation": [0, 0.5, 0],
			"scale": [0.85, 0.85, 0.85]
		},
		"head": {
			"translation": [0, 14.25, 0]
		},
		"fixed": {
			"rotation": [-90, 0, 0],
			"translation": [0, 0, -7]
		}
	}
}