{
	"format_version": "1.21.11",
	"credit": "Created by Mickey Joe Alpha - http://YouTube.com/@MushirMickeyJoe",
	"ambientocclusion": false,
	"parent": "block/block",
	"textures": {
		"dirt": "block/farmland_getting_there_2",
		"particle": "block/flower_pot"
	},
	"elements": [
		{
			"name": "Element",
			"from": [5.001, 0.001, 5.001],
			"to": [10.999, 3.999, 10.999],
			"rotation": {"x": 0, "y": 0, "z": 0, "origin": [8.001, 3.501, 8.001]},
			"faces": {
				"north": {"uv": [0, 12, 5, 16], "texture": "#particle"},
				"east": {"uv": [0, 12, 5, 16], "texture": "#particle"},
				"south": {"uv": [0, 12, 5, 16], "texture": "#particle"},
				"west": {"uv": [0, 12, 5, 16], "texture": "#particle"},
				"up": {"uv": [11.5, 6.5, 5.5, 0.5], "texture": "#dirt"},
				"down": {"uv": [15, 11, 10, 16], "texture": "#particle", "cullface": "down"}
			}
		},
		{
			"name": "Element",
			"from": [4.501, 3.999, 4.501],
			"to": [11.499, 6.009, 11.499],
			"rotation": {"x": 0, "y": 0, "z": 0, "origin": [8.001, 3.501, 8.001]},
			"faces": {
				"north": {"uv": [7, 9, 14, 11], "texture": "#particle"},
				"east": {"uv": [7, 9, 14, 11], "texture": "#particle"},
				"south": {"uv": [7, 9, 14, 11], "texture": "#particle"},
				"west": {"uv": [7, 9, 14, 11], "texture": "#particle"},
				"up": {"uv": [7, 11, 0, 4], "texture": "#particle"},
				"down": {"uv": [7, 4, 0, 11], "texture": "#particle", "cullface": "down"}
			}
		},
		{
			"name": "Element",
			"from": [10.501, 6.001, 10.501],
			"to": [5.503, 4.003, 5.503],
			"rotation": {"x": 0, "y": 0, "z": 0, "origin": [8.001, 3.501, 8.001]},
			"faces": {
				"north": {"uv": [8, 11, 13, 9], "texture": "#particle"},
				"east": {"uv": [8, 11, 13, 9], "texture": "#particle"},
				"south": {"uv": [8, 11, 13, 9], "texture": "#particle"},
				"west": {"uv": [8, 11, 13, 9], "texture": "#particle"}
			}
		}
	],
	"display": {
		"thirdperson_righthand": {
			"rotation": [25, 45, 0],
			"translation": [0, 2.5, 0],
			"scale": [0.375, 0.375, 0.375]
		},
		"thirdperson_lefthand": {
			"rotation": [25, 45, 0],
			"translation": [0, 2.5, 0],
			"scale": [0.375, 0.375, 0.375]
		},
		"firstperson_righthand": {
			"rotation": [0, 45, 0],
			"translation": [0, 2.5, 0],
			"scale": [0.4, 0.4, 0.4]
		},
		"firstperson_lefthand": {
			"rotation": [0, 45, 0],
			"translation": [0, 2.5, 0],
			"scale": [0.4, 0.4, 0.4]
		},
		"ground": {
			"translation": [0, 3, 0],
			"scale": [0.5, 0.5, 0.5]
		},
		"gui": {
			"rotation": [30, -135, 0],
			"translation": [0, 4, 0],
			"scale": [1.1, 1.1, 1.1]
		},
		"head": {
			"translation": [0, 14.6, 0]
		},
		"fixed": {
			"rotation": [-22.5, 0, 0],
			"translation": [0, 4.25, -3]
		},
		"on_shelf": {
			"translation": [0, 8, 3],
			"scale": [2, 2, 2]
		}
	}
}