{
	"format_version": "1.21.11",
	"credit": "Created by Mickey Joe Alpha - http://YouTube.com/@MushirMickeyJoe",
	"ambientocclusion": false,
	"textures": {
		"plant": "#plant",
		"particle": "block/flower_pot"
	},
	"elements": [
		{
			"from": [0.05, 4, 8],
			"to": [16.05, 20, 8],
			"shade": false,
			"rotation": {"x": 0, "y": -45, "z": 0, "origin": [8.05, 12, 8]},
			"faces": {
				"north": {"uv": [0, 0, 16, 16], "texture": "#plant"},
				"south": {"uv": [0, 0, 16, 16], "texture": "#plant"}
			}
		},
		{
			"from": [0.05, 4, 8],
			"to": [16.05, 20, 8],
			"shade": false,
			"rotation": {"x": 0, "y": 45, "z": 0, "origin": [8.05, 12, 8]},
			"faces": {
				"north": {"uv": [0, 0, 16, 16], "texture": "#plant"},
				"south": {"uv": [0, 0, 16, 16], "texture": "#plant"}
			}
		}
	]
}