{
	"credit": "Created by Mickey Joe Alpha - http://YouTube.com/@MushirMickeyJoe",
	"parent": "block/block",
	"textures": {
		"top": "block/furnace_top",
		"front": "block/furnace_front_on",
		"bottom": "block/furnace_bottom",
		"inside": "block/furnace_misc",
		"particle": "block/furnace_side"
	},
	"elements": [
		{
			"name": "Box1",
			"from": [0, 0, 0],
			"to": [16, 9, 16],
			"faces": {
				"north": {"uv": [0, 7, 16, 16], "texture": "#front", "cullface": "north"},
				"east": {"uv": [0, 7, 16, 16], "texture": "#particle", "cullface": "east"},
				"south": {"uv": [0, 7, 16, 16], "texture": "#particle", "cullface": "south"},
				"west": {"uv": [0, 7, 16, 16], "texture": "#particle", "cullface": "west"},
				"up": {"uv": [0, 0, 16, 16], "texture": "#inside", "cullface": "north"},
				"down": {"uv": [0, 0, 16, 16], "texture": "#bottom", "cullface": "down"}
			}
		},
		{
			"name": "Box6",
			"from": [0, 9, 0],
			"to": [4, 13, 4],
			"faces": {
				"north": {"uv": [12, 3, 16, 7], "texture": "#front", "cullface": "north"},
				"east": {"uv": [12, 12, 8, 16], "rotation": 270, "texture": "#inside", "cullface": "north"},
				"west": {"uv": [0, 3, 4, 7], "texture": "#particle", "cullface": "west"},
				"up": {"uv": [0, 0, 4, 4], "texture": "#top"},
				"down": {"uv": [0, 12, 4, 16], "texture": "#top"}
			}
		},
		{
			"name": "Box7",
			"from": [12, 9, 0],
			"to": [16, 13, 4],
			"faces": {
				"north": {"uv": [0, 3, 4, 7], "texture": "#front", "cullface": "north"},
				"east": {"uv": [12, 3, 16, 7], "texture": "#particle", "cullface": "east"},
				"west": {"uv": [4, 12, 8, 16], "rotation": 90, "texture": "#inside", "cullface": "north"},
				"up": {"uv": [12, 0, 16, 4], "texture": "#top"},
				"down": {"uv": [12, 12, 16, 16], "texture": "#top"}
			}
		},
		{
			"name": "Box8",
			"from": [0, 9, 4],
			"to": [16, 13, 16],
			"faces": {
				"north": {"uv": [4.5, 3.5, 11.5, 6.5], "texture": "#front"},
				"east": {"uv": [0, 3, 12, 7], "texture": "#particle", "cullface": "east"},
				"south": {"uv": [0, 3, 16, 7], "texture": "#particle", "cullface": "south"},
				"west": {"uv": [4, 3, 16, 7], "texture": "#particle", "cullface": "west"}
			}
		},
		{
			"name": "Box9",
			"from": [0, 13, 0],
			"to": [16, 16, 16],
			"faces": {
				"north": {"uv": [0, 0, 16, 3], "texture": "#front", "cullface": "north"},
				"east": {"uv": [0, 0, 16, 3], "texture": "#particle", "cullface": "east"},
				"south": {"uv": [0, 0, 16, 3], "texture": "#particle", "cullface": "south"},
				"west": {"uv": [0, 0, 16, 3], "texture": "#particle", "cullface": "west"},
				"up": {"uv": [0, 0, 16, 16], "texture": "#top", "cullface": "up"},
				"down": {"uv": [0, 0, 16, 16], "texture": "#inside", "cullface": "north"}
			}
		}
	]
}