{
	"credit": "Created by Mickey Joe Alpha - http://YouTube.com/@MushirMickeyJoe",
	"parent": "block/block",
	"textures": {
		"pivot": "block/grindstone_pivot",
		"round": "block/grindstone_round",
		"particle": "block/grindstone_side",
		"side": "block/grindstone_side",
		"leg": "block/dark_oak_log"
	},
	"elements": [
		{
			"name": "Element",
			"from": [12, 1, 6],
			"to": [14, 7, 10],
			"faces": {
				"north": {"uv": [2, 9, 4, 15], "texture": "#leg"},
				"east": {"uv": [10, 15, 6, 9], "texture": "#leg"},
				"south": {"uv": [12, 9, 14, 15], "texture": "#leg"},
				"west": {"uv": [6, 9, 10, 15], "texture": "#leg"}
			}
		},
		{
			"name": "Element",
			"from": [2, 1, 6],
			"to": [4, 7, 10],
			"faces": {
				"north": {"uv": [12, 9, 14, 15], "texture": "#leg"},
				"east": {"uv": [10, 15, 6, 9], "texture": "#leg"},
				"south": {"uv": [2, 9, 4, 15], "texture": "#leg"},
				"west": {"uv": [6, 9, 10, 15], "texture": "#leg"}
			}
		},
		{
			"name": "Element",
			"from": [12, 7, 5],
			"to": [14, 13, 11],
			"faces": {
				"north": {"uv": [8, 0, 6, 6], "texture": "#pivot"},
				"east": {"uv": [0, 0, 6, 6], "texture": "#pivot"},
				"south": {"uv": [6, 0, 8, 6], "texture": "#pivot"},
				"up": {"uv": [8, 0, 10, 6], "texture": "#pivot"},
				"down": {"uv": [8, 0, 10, 6], "texture": "#pivot"}
			}
		},
		{
			"name": "Element",
			"from": [2, 7, 5],
			"to": [4, 13, 11],
			"faces": {
				"north": {"uv": [6, 0, 8, 6], "texture": "#pivot"},
				"south": {"uv": [8, 0, 6, 6], "texture": "#pivot"},
				"west": {"uv": [6, 0, 0, 6], "texture": "#pivot"},
				"up": {"uv": [8, 0, 10, 6], "texture": "#pivot"},
				"down": {"uv": [8, 0, 10, 6], "texture": "#pivot"}
			}
		},
		{
			"name": "Element",
			"from": [4, 4, 2],
			"to": [12, 16, 14],
			"faces": {
				"north": {"uv": [8, 0, 16, 12], "texture": "#round"},
				"east": {"uv": [0, 0, 12, 12], "texture": "#side"},
				"south": {"uv": [8, 0, 16, 12], "texture": "#round"},
				"west": {"uv": [0, 0, 12, 12], "texture": "#side"},
				"up": {"uv": [0, 0, 8, 12], "texture": "#round", "cullface": "up"},
				"down": {"uv": [0, 0, 8, 12], "texture": "#round"}
			}
		},
		{
			"name": "Box7",
			"from": [1, 0, 3],
			"to": [15, 1, 13],
			"faces": {
				"north": {"uv": [0, 15, 14, 16], "texture": "#pivot"},
				"east": {"uv": [0, 6, 1, 16], "rotation": 270, "texture": "#pivot"},
				"south": {"uv": [14, 6, 0, 7], "texture": "#pivot"},
				"west": {"uv": [13, 16, 14, 6], "rotation": 270, "texture": "#pivot"},
				"up": {"uv": [0, 6, 14, 16], "rotation": 180, "texture": "#pivot"},
				"down": {"uv": [14, 6, 0, 16], "texture": "#pivot"}
			}
		}
	]
}