{
	"credit": "Created by Mickey Joe Alpha - http://YouTube.com/@MushirMickeyJoe",
	"parent": "block/block",
	"textures": {
		"side": "block/hopper_side",
		"bottom": "block/hopper_bottom",
		"particle": "block/hopper_outside",
		"top": "block/hopper_top_locked"
	},
	"elements": [
		{
			"from": [0, 10, 0],
			"to": [16, 11, 4],
			"faces": {
				"north": {"uv": [0, 5, 16, 6], "texture": "#particle", "cullface": "north"},
				"east": {"uv": [4, 5, 0, 6], "texture": "#side", "cullface": "east"},
				"west": {"uv": [0, 5, 4, 6], "texture": "#side", "cullface": "west"},
				"down": {"uv": [0, 12, 16, 16], "texture": "#bottom"}
			}
		},
		{
			"from": [0, 10, 4],
			"to": [4, 11, 12],
			"faces": {
				"north": {"uv": [12, 5, 16, 6], "texture": "#side", "cullface": "north"},
				"south": {"uv": [0, 5, 4, 6], "texture": "#side", "cullface": "south"},
				"west": {"uv": [4, 5, 12, 6], "texture": "#side", "cullface": "west"},
				"down": {"uv": [0, 4, 4, 12], "texture": "#bottom"}
			}
		},
		{
			"from": [12, 10, 4],
			"to": [16, 11, 12],
			"faces": {
				"north": {"uv": [0, 5, 4, 6], "texture": "#side", "cullface": "north"},
				"east": {"uv": [12, 5, 4, 6], "texture": "#side", "cullface": "east"},
				"south": {"uv": [12, 5, 16, 6], "texture": "#side", "cullface": "south"},
				"down": {"uv": [12, 4, 16, 12], "texture": "#bottom"}
			}
		},
		{
			"from": [0, 10, 12],
			"to": [16, 11, 16],
			"faces": {
				"east": {"uv": [16, 5, 12, 6], "texture": "#side", "cullface": "east"},
				"south": {"uv": [0, 5, 16, 6], "texture": "#particle", "cullface": "south"},
				"west": {"uv": [12, 5, 16, 6], "texture": "#side", "cullface": "west"},
				"down": {"uv": [0, 0, 16, 4], "texture": "#bottom"}
			}
		},
		{
			"from": [0, 11, 0],
			"to": [2, 16, 16],
			"faces": {
				"north": {"uv": [14, 0, 16, 5], "texture": "#particle", "cullface": "north"},
				"east": {"uv": [0, 0, 16, 5], "texture": "#particle", "cullface": "up"},
				"south": {"uv": [0, 0, 2, 5], "texture": "#particle", "cullface": "south"},
				"west": {"uv": [0, 0, 16, 5], "texture": "#side", "cullface": "west"},
				"up": {"uv": [0, 0, 2, 16], "texture": "#top", "cullface": "up"}
			}
		},
		{
			"from": [14, 11, 0],
			"to": [16, 16, 16],
			"faces": {
				"north": {"uv": [0, 0, 2, 5], "texture": "#particle", "cullface": "north"},
				"east": {"uv": [16, 0, 0, 5], "texture": "#side", "cullface": "east"},
				"south": {"uv": [14, 0, 16, 5], "texture": "#particle", "cullface": "south"},
				"west": {"uv": [0, 0, 16, 5], "texture": "#particle", "cullface": "up"},
				"up": {"uv": [14, 0, 16, 16], "texture": "#top", "cullface": "up"}
			}
		},
		{
			"from": [2, 11, 0],
			"to": [14, 16, 2],
			"faces": {
				"north": {"uv": [2, 0, 14, 5], "texture": "#particle", "cullface": "north"},
				"south": {"uv": [2, 0, 14, 5], "texture": "#particle", "cullface": "up"},
				"up": {"uv": [2, 0, 14, 2], "texture": "#top", "cullface": "up"}
			}
		},
		{
			"from": [2, 11, 14],
			"to": [14, 16, 16],
			"faces": {
				"north": {"uv": [2, 0, 14, 5], "texture": "#particle", "cullface": "up"},
				"south": {"uv": [2, 0, 14, 5], "texture": "#particle", "cullface": "south"},
				"up": {"uv": [2, 14, 14, 16], "texture": "#top", "cullface": "up"}
			}
		},
		{
			"from": [4, 4, 4],
			"to": [12, 10, 12],
			"rotation": {"angle": 0, "axis": "x", "origin": [8, 9.75, 12]},
			"faces": {
				"north": {"uv": [8, 6, 16, 12], "texture": "#particle"},
				"east": {"uv": [8, 6, 16, 12], "texture": "#particle"},
				"south": {"uv": [8, 6, 16, 12], "texture": "#particle"},
				"west": {"uv": [8, 6, 16, 12], "texture": "#particle"},
				"down": {"uv": [4, 4, 12, 12], "texture": "#bottom"}
			}
		},
		{
			"from": [2, 15, 2],
			"to": [14, 15, 14],
			"rotation": {"angle": 0, "axis": "y", "origin": [2, 13, 2]},
			"faces": {
				"up": {"uv": [2, 2, 14, 14], "texture": "#top"}
			}
		},
		{
			"from": [6, 5, 0],
			"to": [10, 9, 4],
			"faces": {
				"north": {"uv": [4, 8, 8, 12], "texture": "#side", "cullface": "north"},
				"east": {"uv": [4, 12, 0, 16], "rotation": 270, "texture": "#side"},
				"west": {"uv": [0, 12, 4, 16], "rotation": 90, "texture": "#side"},
				"up": {"uv": [4, 16, 0, 12], "texture": "#side"},
				"down": {"uv": [0, 16, 4, 12], "rotation": 180, "texture": "#side", "cullface": "down"}
			}
		}
	]
}