{
	"credit": "Created by Mickey Joe Alpha - http://YouTube.com/@MushirMickeyJoe",
	"ambientocclusion": false,
	"textures": {
		"particle": "block/leaf_litter"
	},
	"elements": [
		{
			"from": [11, 0.25, 3],
			"to": [15, 0.25, 7],
			"rotation": {"angle": 0, "axis": "y", "origin": [0, 0, 1]},
			"faces": {
				"up": {"uv": [11, 3, 15, 7], "texture": "#particle", "tintindex": 0},
				"down": {"uv": [11, 7, 15, 3], "texture": "#particle", "tintindex": 0}
			}
		},
		{
			"from": [11, 0.25, 2],
			"to": [12, 0.25, 3],
			"faces": {
				"up": {"uv": [11, 2, 12, 3], "texture": "#particle", "tintindex": 0},
				"down": {"uv": [11, 3, 12, 2], "texture": "#particle", "tintindex": 0}
			}
		}
	]
}