{
	"credit": "Created by Mickey Joe Alpha - http://YouTube.com/@MushirMickeyJoe",
	"ambientocclusion": false,
	"textures": {
		"particle": "block/leaf_litter"
	},
	"elements": [
		{
			"from": [1, 0.25, 8],
			"to": [5, 0.25, 12],
			"faces": {
				"up": {"uv": [1, 8, 5, 12], "texture": "#particle", "tintindex": 0},
				"down": {"uv": [1, 12, 5, 8], "texture": "#particle", "tintindex": 0}
			}
		},
		{
			"from": [4, 0.25, 12],
			"to": [5, 0.25, 13],
			"rotation": {"angle": 0, "axis": "y", "origin": [0, 0, 4]},
			"faces": {
				"up": {"uv": [4, 12, 5, 13], "texture": "#particle", "tintindex": 0},
				"down": {"uv": [4, 13, 5, 12], "texture": "#particle", "tintindex": 0}
			}
		}
	]
}