{
	"credit": "Created by Mickey Joe Alpha - http://YouTube.com/@MushirMickeyJoe",
	"ambientocclusion": false,
	"textures": {
		"particle": "block/leaf_litter"
	},
	"elements": [
		{
			"from": [10, 0.25, 10],
			"to": [13, 0.25, 14],
			"rotation": {"angle": 0, "axis": "y", "origin": [-3, 0, 2]},
			"faces": {
				"up": {"uv": [10, 10, 13, 14], "texture": "#particle", "tintindex": 0},
				"down": {"uv": [10, 14, 13, 10], "texture": "#particle", "tintindex": 0}
			}
		},
		{
			"from": [9, 0.25, 12],
			"to": [10, 0.25, 14],
			"rotation": {"angle": 0, "axis": "y", "origin": [-6, 0, 2]},
			"faces": {
				"up": {"uv": [9, 12, 10, 14], "texture": "#particle", "tintindex": 0},
				"down": {"uv": [9, 14, 10, 12], "texture": "#particle", "tintindex": 0}
			}
		}
	]
}