{
	"credit": "Created by Mickey Joe Alpha - http://YouTube.com/@MushirMickeyJoe",
	"parent": "block/block",
	"textures": {
		"base": "block/lectern_base",
		"front": "block/lectern_front",
		"top": "block/lectern_top",
		"particle": "block/lectern_sides"
	},
	"elements": [
		{
			"name": "Element",
			"from": [0, 0, 0],
			"to": [16, 2, 16],
			"faces": {
				"north": {"uv": [0, 14, 16, 16], "texture": "#base", "cullface": "north"},
				"east": {"uv": [0, 2, 16, 4], "texture": "#base", "cullface": "east"},
				"south": {"uv": [0, 2, 16, 4], "texture": "#base", "cullface": "south"},
				"west": {"uv": [0, 2, 16, 4], "texture": "#base", "cullface": "west"},
				"up": {"uv": [0, 0, 16, 16], "rotation": 180, "texture": "#base"},
				"down": {"uv": [0, 0, 16, 16], "texture": "#base", "cullface": "down"}
			}
		},
		{
			"name": "Element",
			"from": [4, 8, 4],
			"to": [12, 15, 12],
			"faces": {
				"north": {"uv": [0, 0, 8, 7], "texture": "#front"},
				"east": {"uv": [2, 16, 9, 8], "rotation": 90, "texture": "#particle"},
				"south": {"uv": [8, 3, 16, 10], "texture": "#front"},
				"west": {"uv": [2, 8, 9, 16], "rotation": 90, "texture": "#particle"},
				"down": {"uv": [0, 6, 8, 7], "texture": "#front"}
			}
		},
		{
			"name": "Element",
			"from": [0.01, 12, 3],
			"to": [15.99, 16, 16],
			"rotation": {"angle": -22.5, "axis": "x", "origin": [8, 8, 8]},
			"faces": {
				"north": {"uv": [0, 0, 16, 4], "texture": "#particle"},
				"east": {"uv": [0, 4, 13, 8], "texture": "#particle"},
				"south": {"uv": [0, 4, 16, 8], "texture": "#particle"},
				"west": {"uv": [0, 4, 13, 8], "texture": "#particle"},
				"up": {"uv": [0, 1, 16, 14], "rotation": 180, "texture": "#top"},
				"down": {"uv": [0, 2, 16, 15], "texture": "#top"}
			}
		},
		{
			"name": "Box4",
			"from": [4, 2, 5],
			"to": [12, 8, 12],
			"faces": {
				"north": {"uv": [0, 7, 8, 13], "texture": "#front"},
				"east": {"uv": [10, 15, 16, 8], "rotation": 90, "texture": "#particle"},
				"south": {"uv": [8, 9, 16, 15], "texture": "#front"},
				"west": {"uv": [10, 8, 16, 15], "rotation": 90, "texture": "#particle"}
			}
		},
		{
			"name": "Box5",
			"from": [5, 2, 4],
			"to": [11, 3, 5],
			"faces": {
				"north": {"uv": [1, 12, 7, 13], "texture": "#front"},
				"up": {"uv": [7, 12, 1, 13], "texture": "#front"}
			}
		},
		{
			"name": "Box6",
			"from": [4, 2, 4],
			"to": [5, 8, 5],
			"faces": {
				"north": {"uv": [7, 7, 8, 13], "texture": "#front"},
				"east": {"uv": [7, 7, 8, 13], "texture": "#front"},
				"west": {"uv": [10, 16, 16, 15], "rotation": 90, "texture": "#particle"}
			}
		},
		{
			"name": "Box7",
			"from": [11, 2, 4],
			"to": [12, 8, 5],
			"faces": {
				"north": {"uv": [0, 7, 1, 13], "texture": "#front"},
				"east": {"uv": [10, 16, 16, 15], "rotation": 90, "texture": "#particle"},
				"west": {"uv": [0, 7, 1, 13], "texture": "#front"}
			}
		}
	],
	"display": {
		"firstperson_righthand": {
			"rotation": [0, 135, 0],
			"scale": [0.4, 0.4, 0.4]
		}
	}
}