{
	"credit": "Created by Mickey Joe Alpha - http://YouTube.com/@MushirMickeyJoe",
	"ambientocclusion": false,
	"textures": {
		"particle": "block/lever_base",
		"lever": "block/lever"
	},
	"elements": [
		{
			"name": "Element",
			"from": [7, 1, 7],
			"to": [9, 11, 9],
			"rotation": {"angle": -45, "axis": "x", "origin": [8, 1, 8]},
			"faces": {
				"north": {"uv": [7, 6, 9, 16], "texture": "#lever"},
				"east": {"uv": [7, 6, 9, 16], "texture": "#lever"},
				"south": {"uv": [7, 6, 9, 16], "texture": "#lever"},
				"west": {"uv": [7, 6, 9, 16], "texture": "#lever"},
				"up": {"uv": [7, 6, 9, 8], "texture": "#lever"}
			}
		},
		{
			"name": "Box3",
			"from": [9, 0, 4],
			"to": [11, 3, 12],
			"faces": {
				"north": {"uv": [9, 2, 11, 5], "rotation": 180, "texture": "#particle"},
				"east": {"uv": [10, 4, 13, 12], "rotation": 90, "texture": "#particle"},
				"south": {"uv": [9, 11, 11, 14], "texture": "#particle"},
				"west": {"uv": [9, 12, 12, 4], "rotation": 90, "texture": "#particle"},
				"up": {"uv": [9, 4, 11, 12], "texture": "#particle"},
				"down": {"uv": [5, 4, 7, 12], "rotation": 180, "texture": "#particle", "cullface": "down"}
			}
		},
		{
			"name": "Box4",
			"from": [7, 0, 4],
			"to": [9, 3, 5],
			"faces": {
				"north": {"uv": [7, 2, 9, 5], "rotation": 180, "texture": "#particle"},
				"east": {"uv": [11, 13, 12, 16], "texture": "#particle"},
				"south": {"uv": [9, 2, 7, 5], "rotation": 180, "texture": "#particle"},
				"west": {"uv": [4, 13, 5, 16], "texture": "#particle"},
				"up": {"uv": [7, 4, 9, 5], "texture": "#particle"},
				"down": {"uv": [7, 4, 9, 5], "rotation": 180, "texture": "#particle", "cullface": "down"}
			}
		},
		{
			"name": "Box5",
			"from": [7, 0, 11],
			"to": [9, 3, 12],
			"faces": {
				"north": {"uv": [9, 11, 7, 14], "texture": "#particle"},
				"east": {"uv": [4, 13, 5, 16], "texture": "#particle"},
				"south": {"uv": [7, 11, 9, 14], "texture": "#particle"},
				"west": {"uv": [11, 13, 12, 16], "texture": "#particle"},
				"up": {"uv": [7, 11, 9, 12], "texture": "#particle"},
				"down": {"uv": [7, 11, 9, 12], "rotation": 180, "texture": "#particle", "cullface": "down"}
			}
		},
		{
			"name": "Box6",
			"from": [5, 0, 4],
			"to": [7, 3, 12],
			"faces": {
				"north": {"uv": [5, 2, 7, 5], "rotation": 180, "texture": "#particle"},
				"east": {"uv": [4, 4, 7, 12], "rotation": 270, "texture": "#particle"},
				"south": {"uv": [5, 11, 7, 14], "texture": "#particle"},
				"west": {"uv": [3, 4, 6, 12], "rotation": 270, "texture": "#particle"},
				"up": {"uv": [5, 4, 7, 12], "texture": "#particle"},
				"down": {"uv": [9, 4, 11, 12], "rotation": 180, "texture": "#particle", "cullface": "down"}
			}
		},
		{
			"name": "Box7",
			"from": [7, 0, 5],
			"to": [9, 2, 11],
			"faces": {
				"north": {"uv": [7, 14, 9, 16], "texture": "#particle"},
				"east": {"uv": [5, 14, 11, 16], "texture": "#particle"},
				"south": {"uv": [7, 14, 9, 16], "texture": "#particle"},
				"west": {"uv": [5, 14, 11, 16], "texture": "#particle"},
				"up": {"uv": [7, 5, 9, 11], "rotation": 180, "texture": "#particle"},
				"down": {"uv": [14, 5, 16, 11], "rotation": 180, "texture": "#particle", "cullface": "down"}
			}
		}
	]
}