{
	"credit": "Created by Mickey Joe Alpha - http://YouTube.com/@MushirMickeyJoe",
	"parent": "block/block",
	"ambientocclusion": false,
	"textures": {
		"1": "block/lily_pad_0",
		"particle": "block/lily_pad_1"
	},
	"elements": [
		{
			"from": [0, -0.75, 0],
			"to": [16, -0.749, 16],
			"rotation": {"angle": 0, "axis": "y", "origin": [-1, -1, -1]},
			"faces": {
				"up": {"uv": [16, 0, 0, 16], "texture": "#particle", "tintindex": 0},
				"down": {"uv": [16, 16, 0, 0], "texture": "#particle", "tintindex": 0}
			}
		},
		{
			"from": [8, -2.75, 1],
			"to": [8, -0.749, 17],
			"rotation": {"angle": -45, "axis": "y", "origin": [8, -1.7495, 9]},
			"faces": {
				"east": {"uv": [0, 0, 16, 2], "texture": "#1", "tintindex": 0},
				"west": {"uv": [16, 0, 0, 2], "texture": "#1", "tintindex": 0}
			}
		}
	]
}