{
	"format_version": "1.21.11",
	"credit": "Created by Mickey Joe Alpha - http://YouTube.com/@MushirMickeyJoe",
	"parent": "block/block",
	"ambientocclusion": false,
	"textures": {
		"particle": "block/lily_pad_0"
	},
	"elements": [
		{
			"from": [1, -0.75, 1],
			"to": [14, -0.749, 15],
			"rotation": {"angle": 0, "axis": "y", "origin": [0, -1, 0]},
			"faces": {
				"up": {"uv": [16, 2, 3, 16], "texture": "#particle", "tintindex": 0},
				"down": {"uv": [16, 16, 3, 2], "texture": "#particle", "tintindex": 0}
			}
		},
		{
			"from": [8, -14.75, 7],
			"to": [8, -0.749, 10],
			"rotation": {"angle": 0, "axis": "y", "origin": [0, -2, 2]},
			"faces": {
				"east": {"uv": [0, 2, 3, 16], "texture": "#particle", "tintindex": 0},
				"west": {"uv": [3, 2, 0, 16], "texture": "#particle", "tintindex": 0}
			}
		}
	],
	"gui_light": "front",
	"display": {
		"thirdperson_righthand": {
			"rotation": [-32, 0, 0],
			"translation": [0, 4.75, -2],
			"scale": [0.55, 0.55, 0.55]
		},
		"thirdperson_lefthand": {
			"rotation": [-32, 0, 0],
			"translation": [0, 4.75, -2],
			"scale": [0.55, 0.55, 0.55]
		},
		"firstperson_righthand": {
			"rotation": [106, 0, -180],
			"translation": [1.38, 3.45, -4.12],
			"scale": [0.68, 0.68, 0.68]
		},
		"firstperson_lefthand": {
			"rotation": [106, 0, -180],
			"translation": [1.38, 3.45, -4.12],
			"scale": [0.68, 0.68, 0.68]
		},
		"ground": {
			"translation": [0, 3.75, 0],
			"scale": [0.25, 0.25, 0.25]
		},
		"gui": {
			"rotation": [90, 0, 0],
			"translation": [0.5, 0, 0]
		},
		"head": {
			"translation": [0, 16.25, 0]
		},
		"fixed": {
			"rotation": [-90, -180, 0],
			"translation": [-0.5, 0, -8.75]
		}
	}
}