{
	"credit": "Created by Mickey Joe Alpha - http://YouTube.com/@MushirMickeyJoe",
	"ambientocclusion": false,
	"textures": {
		"1": "block/lily_pad_flower",
		"particle": "block/lily_pad_0"
	},
	"elements": [
		{
			"from": [1, -0.75, 1],
			"to": [14, -0.749, 15],
			"rotation": {"angle": 0, "axis": "y", "origin": [0, -1, 0]},
			"faces": {
				"up": {"uv": [16, 2, 3, 16], "texture": "#particle", "tintindex": 0},
				"down": {"uv": [16, 16, 3, 2], "texture": "#particle", "tintindex": 0}
			}
		},
		{
			"from": [8.9062, -0.75, 8.5938],
			"to": [8.9072, 2.25, 13.5938],
			"rotation": {"angle": -45, "axis": "y", "origin": [8.90625, -0.75, 9.09375]},
			"faces": {
				"east": {"uv": [0, 0, 5, 3], "texture": "#1"},
				"west": {"uv": [0, 0, 5, 3], "texture": "#1"}
			}
		},
		{
			"from": [6.0938, -0.75, 8.5938],
			"to": [6.0948, 2.25, 13.5938],
			"rotation": {"angle": 45, "axis": "y", "origin": [6.09375, -0.75, 9.09375]},
			"faces": {
				"east": {"uv": [0, 0, 5, 3], "texture": "#1"},
				"west": {"uv": [0, 0, 5, 3], "texture": "#1"}
			}
		},
		{
			"from": [8, -14.75, 7],
			"to": [8, -0.749, 10],
			"rotation": {"angle": 0, "axis": "y", "origin": [0, -2, 2]},
			"faces": {
				"east": {"uv": [0, 2, 3, 16], "texture": "#particle", "tintindex": 0},
				"west": {"uv": [3, 2, 0, 16], "texture": "#particle", "tintindex": 0}
			}
		}
	]
}