{
	"credit": "Created by Mickey Joe Alpha - http://YouTube.com/@MushirMickeyJoe",
	"textures": {
		"2": "block/mangrove_door_bottom",
		"sides": "block/mangrove_door_sides",
		"ends": "block/mangrove_door_ends",
		"particle": "block/mangrove_door_bottom"
	},
	"elements": [
		{
			"name": "Element",
			"from": [0, 0, 0],
			"to": [3, 16, 16],
			"faces": {
				"north": {"uv": [6, 0, 9, 16], "texture": "#sides", "cullface": "north"},
				"east": {"uv": [16, 0, 0, 16], "texture": "#2"},
				"south": {"uv": [9, 0, 12, 16], "texture": "#sides", "cullface": "south"},
				"west": {"uv": [0, 0, 16, 16], "texture": "#2", "cullface": "west"},
				"down": {"uv": [0, 3, 16, 6], "rotation": 270, "texture": "#ends", "cullface": "down"}
			}
		},
		{
			"from": [-0.975, 13, 13],
			"to": [3.975, 16, 14],
			"faces": {
				"north": {"uv": [13, 0, 14, 3], "texture": "#2"},
				"east": {"uv": [13, 0, 14, 3], "texture": "#2"},
				"south": {"uv": [13, 0, 14, 3], "texture": "#2"},
				"west": {"uv": [13, 0, 14, 3], "texture": "#2"},
				"down": {"uv": [13, 2, 14, 3], "texture": "#2"}
			}
		},
		{
			"from": [-0.975, 13, 12],
			"to": [3.975, 14, 13],
			"faces": {
				"north": {"uv": [12, 2, 13, 3], "texture": "#2"},
				"east": {"uv": [12, 2, 13, 3], "texture": "#2"},
				"west": {"uv": [12, 2, 13, 3], "texture": "#2"},
				"up": {"uv": [12, 2, 13, 3], "texture": "#2"},
				"down": {"uv": [12, 2, 13, 3], "texture": "#2"}
			}
		}
	]
}