{
	"credit": "Created by Mickey Joe Alpha - http://YouTube.com/@MushirMickeyJoe",
	"textures": {
		"2": "block/mangrove_door_top",
		"particle": "block/mangrove_door_top",
		"sides": "block/mangrove_door_sides",
		"ends": "block/mangrove_door_ends"
	},
	"elements": [
		{
			"from": [0, 0, 0],
			"to": [3, 16, 16],
			"rotation": {"angle": 0, "axis": "y", "origin": [0, 0, 16]},
			"faces": {
				"north": {"uv": [6, 0, 3, 16], "texture": "#sides", "cullface": "north"},
				"east": {"uv": [0, 0, 16, 16], "texture": "#2"},
				"south": {"uv": [3, 0, 0, 16], "texture": "#sides", "cullface": "south"},
				"west": {"uv": [16, 0, 0, 16], "texture": "#2", "cullface": "west"},
				"up": {"uv": [16, 0, 0, 3], "rotation": 90, "texture": "#ends", "cullface": "up"}
			}
		},
		{
			"from": [-0.975, 0, 2],
			"to": [3.975, 3, 3],
			"rotation": {"angle": 0, "axis": "y", "origin": [0, 0, 16]},
			"faces": {
				"north": {"uv": [14, 13, 13, 16], "texture": "#2"},
				"east": {"uv": [14, 13, 13, 16], "texture": "#2"},
				"south": {"uv": [14, 13, 13, 16], "texture": "#2"},
				"west": {"uv": [14, 13, 13, 16], "texture": "#2"},
				"up": {"uv": [13, 14, 14, 13], "texture": "#2"}
			}
		},
		{
			"from": [-0.975, 2, 3],
			"to": [3.975, 3, 4],
			"rotation": {"angle": 0, "axis": "y", "origin": [0, 0, 16]},
			"faces": {
				"east": {"uv": [13, 13, 12, 14], "texture": "#2"},
				"south": {"uv": [13, 13, 12, 14], "texture": "#2"},
				"west": {"uv": [13, 13, 12, 14], "texture": "#2"},
				"up": {"uv": [12, 14, 13, 13], "texture": "#2"},
				"down": {"uv": [12, 14, 13, 13], "texture": "#2"}
			}
		}
	]
}