{
	"credit": "Created by Mickey Joe Alpha - http://YouTube.com/@MushirMickeyJoe",
	"parent": "block/block",
	"textures": {
		"1": "block/mangrove_leaves_bush",
		"particle": "block/mangrove_leaves"
	},
	"elements": [
		{
			"from": [0, 0, 0],
			"to": [16, 16, 16],
			"faces": {
				"north": {"uv": [0, 0, 16, 16], "texture": "#particle", "cullface": "north", "tintindex": 0},
				"east": {"uv": [0, 0, 16, 16], "texture": "#particle", "cullface": "east", "tintindex": 0},
				"south": {"uv": [0, 0, 16, 16], "texture": "#particle", "cullface": "south", "tintindex": 0},
				"west": {"uv": [0, 0, 16, 16], "texture": "#particle", "cullface": "west", "tintindex": 0},
				"up": {"uv": [0, 0, 16, 16], "texture": "#particle", "cullface": "up", "tintindex": 0},
				"down": {"uv": [0, 0, 16, 16], "texture": "#particle", "cullface": "down", "tintindex": 0}
			}
		},
		{
			"name": "side",
			"from": [10, -3, 16.85],
			"to": [15, 4, 16.85],
			"rotation": {"angle": 0, "axis": "y", "origin": [9, 2.75, 8.1]},
			"faces": {
				"south": {"uv": [10, 9, 15, 16], "texture": "#1", "tintindex": 0}
			}
		},
		{
			"name": "side",
			"from": [0, -2, 16.95],
			"to": [8, 4, 16.95],
			"rotation": {"angle": 0, "axis": "y", "origin": [7, 2.75, 8.2]},
			"faces": {
				"south": {"uv": [0, 9, 8, 15], "texture": "#1", "tintindex": 0}
			}
		},
		{
			"name": "side",
			"from": [-0.85, -3, 10],
			"to": [-0.85, 4, 15],
			"rotation": {"angle": 0, "axis": "y", "origin": [8, 12.75, -0.9]},
			"faces": {
				"west": {"uv": [10, 9, 15, 16], "texture": "#1", "tintindex": 0}
			}
		},
		{
			"name": "side",
			"from": [-0.95, -2, 0],
			"to": [-0.95, 4, 8],
			"rotation": {"angle": 0, "axis": "y", "origin": [7.9, 11.75, 5.1]},
			"faces": {
				"west": {"uv": [0, 9, 8, 15], "texture": "#1", "tintindex": 0}
			}
		},
		{
			"name": "side",
			"from": [8, -2, -0.95],
			"to": [16, 4, -0.95],
			"rotation": {"angle": 0, "axis": "y", "origin": [0, 2.75, 8]},
			"faces": {
				"north": {"uv": [0, 9, 8, 15], "texture": "#1", "tintindex": 0}
			}
		},
		{
			"name": "side",
			"from": [1, -3, -0.85],
			"to": [6, 4, -0.85],
			"rotation": {"angle": 0, "axis": "y", "origin": [17, 12.75, 8.1]},
			"faces": {
				"north": {"uv": [10, 9, 15, 16], "texture": "#1", "tintindex": 0}
			}
		},
		{
			"name": "side",
			"from": [16.85, -3, 1],
			"to": [16.85, 4, 6],
			"rotation": {"angle": 0, "axis": "y", "origin": [8, 12.75, 17.1]},
			"faces": {
				"east": {"uv": [10, 9, 15, 16], "texture": "#1", "tintindex": 0}
			}
		},
		{
			"name": "side",
			"from": [16.95, -2, 8],
			"to": [16.95, 4, 16],
			"rotation": {"angle": 0, "axis": "y", "origin": [8.1, 12.75, 0.1]},
			"faces": {
				"east": {"uv": [0, 9, 8, 15], "texture": "#1", "tintindex": 0}
			}
		}
	]
}