{
	"credit": "Created by Mickey Joe Alpha - http://YouTube.com/@MushirMickeyJoe",
	"textures": {
		"2": "block/mangrove_door_top",
		"sides": "block/mangrove_door_sides",
		"ends": "block/mangrove_door_ends",
		"particle": "block/mangrove_door_top"
	},
	"elements": [
		{
			"from": [0, 0, 0],
			"to": [3, 16, 16],
			"faces": {
				"north": {"uv": [0, 0, 3, 16], "texture": "#sides", "cullface": "north"},
				"east": {"uv": [16, 0, 0, 16], "texture": "#2"},
				"south": {"uv": [3, 0, 6, 16], "texture": "#sides", "cullface": "south"},
				"west": {"uv": [0, 0, 16, 16], "texture": "#2", "cullface": "west"},
				"up": {"uv": [0, 0, 16, 3], "rotation": 90, "texture": "#ends", "cullface": "up"}
			}
		},
		{
			"from": [-0.975, 0, 13],
			"to": [3.975, 3, 14],
			"faces": {
				"north": {"uv": [13, 13, 14, 16], "texture": "#2"},
				"east": {"uv": [13, 13, 14, 16], "texture": "#2"},
				"south": {"uv": [13, 13, 14, 16], "texture": "#2"},
				"west": {"uv": [13, 13, 14, 16], "texture": "#2"},
				"up": {"uv": [13, 13, 14, 14], "texture": "#2"}
			}
		},
		{
			"from": [-0.975, 2, 12],
			"to": [3.975, 3, 13],
			"faces": {
				"north": {"uv": [12, 13, 13, 14], "texture": "#2"},
				"east": {"uv": [12, 13, 13, 14], "texture": "#2"},
				"west": {"uv": [12, 13, 13, 14], "texture": "#2"},
				"up": {"uv": [12, 13, 13, 14], "texture": "#2"},
				"down": {"uv": [12, 13, 13, 14], "texture": "#2"}
			}
		}
	]
}